INSERT INTO TG_ROLLEMPPLEADO(CODROLLEMPPLEADO,DESCROLLEMPPLEADO,ESTADO) 
VALUES('TEC','TECNICO','A');
INSERT INTO TG_ROLLEMPPLEADO(CODROLLEMPPLEADO,DESCROLLEMPPLEADO,ESTADO) 
VALUES('CTO','COODRINADOR TECNICOS','A');


INSERT INTO CT_EMPLEADO(IDEMPLEADO,TELEFONO,MAIL,CODROLLEMPPLEADO,ESTADO)
VALUES(38,'4320-5844','EMPLEADO1@TNG24.COM','TEC','A');
INSERT INTO CT_EMPLEADO(IDEMPLEADO,TELEFONO,MAIL,CODROLLEMPPLEADO,ESTADO)
VALUES(39,'4320-5845','EMPLEADO2@TNG24.COM','TEC','A');
INSERT INTO CT_EMPLEADO(IDEMPLEADO,TELEFONO,MAIL,CODROLLEMPPLEADO,ESTADO)
VALUES(40,'4320-5846','EMPLEADO3@TNG24.COM','TEC','A');
INSERT INTO CT_EMPLEADO(IDEMPLEADO,TELEFONO,MAIL,CODROLLEMPPLEADO,ESTADO)
VALUES(65,'4320-5847','EMPLEADO4@TNG24.COM','CTO','A');



INSERT INTO TG_USUARIO (IDUSUARIO,USERNAME,PASS,ESTADO)
VALUES(38,'user1','user1','A');
INSERT INTO TG_USUARIO (IDUSUARIO,USERNAME,PASS,ESTADO)
VALUES(39,'user2','user2','A');

INSERT INTO TG_USUARIO (IDUSUARIO,USERNAME,PASS,ESTADO)
VALUES(40,'user3','user3','A');

INSERT INTO TG_USUARIO (IDUSUARIO,USERNAME,PASS,ESTADO)
VALUES(65,'user4','user4','A');

INSERT INTO CT_AGENDA(IDTECNICO,ESTADO)
VALUES(40,'A');
INSERT INTO CT_AGENDA(IDTECNICO,ESTADO)
VALUES(38,'A');
INSERT INTO CT_AGENDA(IDTECNICO,ESTADO)
VALUES(39,'A');

INSERT INTO CT_VISITA(IDAGENDA,IDFACTURA,IDPRESUPPUESTO,IDCLIENTE,IDDOMICILIO,INICIOPROGRAMADO,FINPROGRAMADO,INICIOREAL,ESTADO) VALUES (2,NULL,NULL,22,1354,'42932.4166666667','42932.8125',NULL,'A');
INSERT INTO CT_VISITA(IDAGENDA,IDFACTURA,IDPRESUPPUESTO,IDCLIENTE,IDDOMICILIO,INICIOPROGRAMADO,FINPROGRAMADO,INICIOREAL,ESTADO) VALUES (3,NULL,NULL,23,1355,'42932.4375','42932.8541666667',NULL,'A');
INSERT INTO CT_VISITA(IDAGENDA,IDFACTURA,IDPRESUPPUESTO,IDCLIENTE,IDDOMICILIO,INICIOPROGRAMADO,FINPROGRAMADO,INICIOREAL,ESTADO) VALUES (3,NULL,NULL,25,1357,'42932.4583333333','42932.8958333333',NULL,'A');
INSERT INTO CT_VISITA(IDAGENDA,IDFACTURA,IDPRESUPPUESTO,IDCLIENTE,IDDOMICILIO,INICIOPROGRAMADO,FINPROGRAMADO,INICIOREAL,ESTADO) VALUES (2,NULL,NULL,28,1360,'42932.4791666667','42932.9375',NULL,'A');
INSERT INTO CT_VISITA(IDAGENDA,IDFACTURA,IDPRESUPPUESTO,IDCLIENTE,IDDOMICILIO,INICIOPROGRAMADO,FINPROGRAMADO,INICIOREAL,ESTADO) VALUES (1,NULL,NULL,32,1364,'42932.5','42932.9791666667',NULL,'A');
INSERT INTO CT_VISITA(IDAGENDA,IDFACTURA,IDPRESUPPUESTO,IDCLIENTE,IDDOMICILIO,INICIOPROGRAMADO,FINPROGRAMADO,INICIOREAL,ESTADO) VALUES (1,NULL,NULL,34,1366,'42932.5208333333','42933.0208333333',NULL,'A');
INSERT INTO CT_VISITA(IDAGENDA,IDFACTURA,IDPRESUPPUESTO,IDCLIENTE,IDDOMICILIO,INICIOPROGRAMADO,FINPROGRAMADO,INICIOREAL,ESTADO) VALUES (1,NULL,NULL,41,1373,'42932.5416666667','42933.0625',NULL,'A');
INSERT INTO CT_VISITA(IDAGENDA,IDFACTURA,IDPRESUPPUESTO,IDCLIENTE,IDDOMICILIO,INICIOPROGRAMADO,FINPROGRAMADO,INICIOREAL,ESTADO) VALUES (2,NULL,NULL,45,1377,'42932.5625','42933.1041666667',NULL,'A');
INSERT INTO CT_VISITA(IDAGENDA,IDFACTURA,IDPRESUPPUESTO,IDCLIENTE,IDDOMICILIO,INICIOPROGRAMADO,FINPROGRAMADO,INICIOREAL,ESTADO) VALUES (3,NULL,NULL,49,1381,'42932.5833333333','42933.1458333333',NULL,'A');
INSERT INTO CT_VISITA(IDAGENDA,IDFACTURA,IDPRESUPPUESTO,IDCLIENTE,IDDOMICILIO,INICIOPROGRAMADO,FINPROGRAMADO,INICIOREAL,ESTADO) VALUES (3,NULL,NULL,65,1395,'42932.6041666667','42933.1875',NULL,'A');
INSERT INTO CT_VISITA(IDAGENDA,IDFACTURA,IDPRESUPPUESTO,IDCLIENTE,IDDOMICILIO,INICIOPROGRAMADO,FINPROGRAMADO,INICIOREAL,ESTADO) VALUES (3,NULL,NULL,67,1397,'42932.625','42933.2291666667',NULL,'A');
INSERT INTO CT_VISITA(IDAGENDA,IDFACTURA,IDPRESUPPUESTO,IDCLIENTE,IDDOMICILIO,INICIOPROGRAMADO,FINPROGRAMADO,INICIOREAL,ESTADO) VALUES (2,NULL,NULL,71,1401,'42932.6458333333','42933.2708333333',NULL,'A');
INSERT INTO CT_VISITA(IDAGENDA,IDFACTURA,IDPRESUPPUESTO,IDCLIENTE,IDDOMICILIO,INICIOPROGRAMADO,FINPROGRAMADO,INICIOREAL,ESTADO) VALUES (1,NULL,NULL,91,1422,'42932.6666666667','42933.3125',NULL,'A');
INSERT INTO CT_VISITA(IDAGENDA,IDFACTURA,IDPRESUPPUESTO,IDCLIENTE,IDDOMICILIO,INICIOPROGRAMADO,FINPROGRAMADO,INICIOREAL,ESTADO) VALUES (1,NULL,NULL,97,1427,'42932.6875','42933.3541666667',NULL,'A');
INSERT INTO CT_VISITA(IDAGENDA,IDFACTURA,IDPRESUPPUESTO,IDCLIENTE,IDDOMICILIO,INICIOPROGRAMADO,FINPROGRAMADO,INICIOREAL,ESTADO) VALUES (2,NULL,NULL,99,1429,'42932.7083333333','42933.3958333333',NULL,'A');
INSERT INTO CT_VISITA(IDAGENDA,IDFACTURA,IDPRESUPPUESTO,IDCLIENTE,IDDOMICILIO,INICIOPROGRAMADO,FINPROGRAMADO,INICIOREAL,ESTADO) VALUES (3,NULL,NULL,100,1430,'42932.7291666667','42933.4375',NULL,'A');
INSERT INTO CT_VISITA(IDAGENDA,IDFACTURA,IDPRESUPPUESTO,IDCLIENTE,IDDOMICILIO,INICIOPROGRAMADO,FINPROGRAMADO,INICIOREAL,ESTADO) VALUES (1,NULL,NULL,101,1431,'42932.75','42933.4791666667',NULL,'A');
INSERT INTO CT_VISITA(IDAGENDA,IDFACTURA,IDPRESUPPUESTO,IDCLIENTE,IDDOMICILIO,INICIOPROGRAMADO,FINPROGRAMADO,INICIOREAL,ESTADO) VALUES (1,NULL,NULL,117,1447,'42932.3958333333','42933.1458333333',NULL,'A');
INSERT INTO CT_VISITA(IDAGENDA,IDFACTURA,IDPRESUPPUESTO,IDCLIENTE,IDDOMICILIO,INICIOPROGRAMADO,FINPROGRAMADO,INICIOREAL,ESTADO) VALUES (1,NULL,NULL,121,1451,'42932.4166666667','42932.8125',NULL,'A');
INSERT INTO CT_VISITA(IDAGENDA,IDFACTURA,IDPRESUPPUESTO,IDCLIENTE,IDDOMICILIO,INICIOPROGRAMADO,FINPROGRAMADO,INICIOREAL,ESTADO) VALUES (2,NULL,NULL,124,1454,'42932.4375','42932.8541666667',NULL,'A');
INSERT INTO CT_VISITA(IDAGENDA,IDFACTURA,IDPRESUPPUESTO,IDCLIENTE,IDDOMICILIO,INICIOPROGRAMADO,FINPROGRAMADO,INICIOREAL,ESTADO) VALUES (2,NULL,NULL,131,1461,'42932.4583333333','42932.8958333333',NULL,'A');
INSERT INTO CT_VISITA(IDAGENDA,IDFACTURA,IDPRESUPPUESTO,IDCLIENTE,IDDOMICILIO,INICIOPROGRAMADO,FINPROGRAMADO,INICIOREAL,ESTADO) VALUES (3,NULL,NULL,139,1469,'42932.4791666667','42932.9375',NULL,'A');
INSERT INTO CT_VISITA(IDAGENDA,IDFACTURA,IDPRESUPPUESTO,IDCLIENTE,IDDOMICILIO,INICIOPROGRAMADO,FINPROGRAMADO,INICIOREAL,ESTADO) VALUES (2,NULL,NULL,6,1474,'42932.5','42932.9791666667',NULL,'A');
INSERT INTO CT_VISITA(IDAGENDA,IDFACTURA,IDPRESUPPUESTO,IDCLIENTE,IDDOMICILIO,INICIOPROGRAMADO,FINPROGRAMADO,INICIOREAL,ESTADO) VALUES (1,NULL,NULL,8,1476,'42932.5208333333','42933.0208333333',NULL,'A');
INSERT INTO CT_VISITA(IDAGENDA,IDFACTURA,IDPRESUPPUESTO,IDCLIENTE,IDDOMICILIO,INICIOPROGRAMADO,FINPROGRAMADO,INICIOREAL,ESTADO) VALUES (1,NULL,NULL,18,1486,'42932.5416666667','42933.0625',NULL,'A');
INSERT INTO CT_VISITA(IDAGENDA,IDFACTURA,IDPRESUPPUESTO,IDCLIENTE,IDDOMICILIO,INICIOPROGRAMADO,FINPROGRAMADO,INICIOREAL,ESTADO) VALUES (3,NULL,NULL,23,1491,'42932.5625','42933.1041666667',NULL,'A');
INSERT INTO CT_VISITA(IDAGENDA,IDFACTURA,IDPRESUPPUESTO,IDCLIENTE,IDDOMICILIO,INICIOPROGRAMADO,FINPROGRAMADO,INICIOREAL,ESTADO) VALUES (3,NULL,NULL,27,1495,'42932.5833333333','42933.1458333333',NULL,'A');
INSERT INTO CT_VISITA(IDAGENDA,IDFACTURA,IDPRESUPPUESTO,IDCLIENTE,IDDOMICILIO,INICIOPROGRAMADO,FINPROGRAMADO,INICIOREAL,ESTADO) VALUES (3,NULL,NULL,35,1503,'42932.6041666667','42933.1875',NULL,'A');
INSERT INTO CT_VISITA(IDAGENDA,IDFACTURA,IDPRESUPPUESTO,IDCLIENTE,IDDOMICILIO,INICIOPROGRAMADO,FINPROGRAMADO,INICIOREAL,ESTADO) VALUES (3,NULL,NULL,37,1505,'42932.625','42933.2291666667',NULL,'A');
INSERT INTO CT_VISITA(IDAGENDA,IDFACTURA,IDPRESUPPUESTO,IDCLIENTE,IDDOMICILIO,INICIOPROGRAMADO,FINPROGRAMADO,INICIOREAL,ESTADO) VALUES (2,NULL,NULL,41,1509,'42932.6458333333','42933.2708333333',NULL,'A');
INSERT INTO CT_VISITA(IDAGENDA,IDFACTURA,IDPRESUPPUESTO,IDCLIENTE,IDDOMICILIO,INICIOPROGRAMADO,FINPROGRAMADO,INICIOREAL,ESTADO) VALUES (2,NULL,NULL,46,1514,'42932.6666666667','42933.3125',NULL,'A');
INSERT INTO CT_VISITA(IDAGENDA,IDFACTURA,IDPRESUPPUESTO,IDCLIENTE,IDDOMICILIO,INICIOPROGRAMADO,FINPROGRAMADO,INICIOREAL,ESTADO) VALUES (1,NULL,NULL,51,1519,'42932.6875','42933.3541666667',NULL,'A');
INSERT INTO CT_VISITA(IDAGENDA,IDFACTURA,IDPRESUPPUESTO,IDCLIENTE,IDDOMICILIO,INICIOPROGRAMADO,FINPROGRAMADO,INICIOREAL,ESTADO) VALUES (1,NULL,NULL,52,1199,'42932.7083333333','42933.3958333333',NULL,'A');
INSERT INTO CT_VISITA(IDAGENDA,IDFACTURA,IDPRESUPPUESTO,IDCLIENTE,IDDOMICILIO,INICIOPROGRAMADO,FINPROGRAMADO,INICIOREAL,ESTADO) VALUES (2,NULL,NULL,65,1209,'42932.7291666667','42933.4375',NULL,'A');
INSERT INTO CT_VISITA(IDAGENDA,IDFACTURA,IDPRESUPPUESTO,IDCLIENTE,IDDOMICILIO,INICIOPROGRAMADO,FINPROGRAMADO,INICIOREAL,ESTADO) VALUES (1,NULL,NULL,66,1210,'42932.75','42933.4791666667',NULL,'A');
INSERT INTO CT_VISITA(IDAGENDA,IDFACTURA,IDPRESUPPUESTO,IDCLIENTE,IDDOMICILIO,INICIOPROGRAMADO,FINPROGRAMADO,INICIOREAL,ESTADO) VALUES (3,NULL,NULL,70,1214,'42932.3958333333','42933.1458333333',NULL,'A');
INSERT INTO CT_VISITA(IDAGENDA,IDFACTURA,IDPRESUPPUESTO,IDCLIENTE,IDDOMICILIO,INICIOPROGRAMADO,FINPROGRAMADO,INICIOREAL,ESTADO) VALUES (1,NULL,NULL,74,1219,'42932.4166666667','42932.8125',NULL,'A');
INSERT INTO CT_VISITA(IDAGENDA,IDFACTURA,IDPRESUPPUESTO,IDCLIENTE,IDDOMICILIO,INICIOPROGRAMADO,FINPROGRAMADO,INICIOREAL,ESTADO) VALUES (1,NULL,NULL,84,1229,'42932.4375','42932.8541666667',NULL,'A');
INSERT INTO CT_VISITA(IDAGENDA,IDFACTURA,IDPRESUPPUESTO,IDCLIENTE,IDDOMICILIO,INICIOPROGRAMADO,FINPROGRAMADO,INICIOREAL,ESTADO) VALUES (2,NULL,NULL,92,1237,'42932.4583333333','42932.8958333333',NULL,'A');
INSERT INTO CT_VISITA(IDAGENDA,IDFACTURA,IDPRESUPPUESTO,IDCLIENTE,IDDOMICILIO,INICIOPROGRAMADO,FINPROGRAMADO,INICIOREAL,ESTADO) VALUES (3,NULL,NULL,94,1239,'42932.4791666667','42932.9375',NULL,'A');
INSERT INTO CT_VISITA(IDAGENDA,IDFACTURA,IDPRESUPPUESTO,IDCLIENTE,IDDOMICILIO,INICIOPROGRAMADO,FINPROGRAMADO,INICIOREAL,ESTADO) VALUES (1,NULL,NULL,98,1242,'42932.5','42932.9791666667',NULL,'A');
INSERT INTO CT_VISITA(IDAGENDA,IDFACTURA,IDPRESUPPUESTO,IDCLIENTE,IDDOMICILIO,INICIOPROGRAMADO,FINPROGRAMADO,INICIOREAL,ESTADO) VALUES (2,NULL,NULL,101,1245,'42932.5208333333','42933.0208333333',NULL,'A');
INSERT INTO CT_VISITA(IDAGENDA,IDFACTURA,IDPRESUPPUESTO,IDCLIENTE,IDDOMICILIO,INICIOPROGRAMADO,FINPROGRAMADO,INICIOREAL,ESTADO) VALUES (2,NULL,NULL,110,1254,'42932.5416666667','42933.0625',NULL,'A');
INSERT INTO CT_VISITA(IDAGENDA,IDFACTURA,IDPRESUPPUESTO,IDCLIENTE,IDDOMICILIO,INICIOPROGRAMADO,FINPROGRAMADO,INICIOREAL,ESTADO) VALUES (1,NULL,NULL,11,1208,'42933.5625','42934.1041666667',NULL,'A');
INSERT INTO CT_VISITA(IDAGENDA,IDFACTURA,IDPRESUPPUESTO,IDCLIENTE,IDDOMICILIO,INICIOPROGRAMADO,FINPROGRAMADO,INICIOREAL,ESTADO) VALUES (1,NULL,NULL,13,1210,'42933.5833333333','42934.1458333333',NULL,'A');
INSERT INTO CT_VISITA(IDAGENDA,IDFACTURA,IDPRESUPPUESTO,IDCLIENTE,IDDOMICILIO,INICIOPROGRAMADO,FINPROGRAMADO,INICIOREAL,ESTADO) VALUES (2,NULL,NULL,17,1214,'42933.6041666667','42934.1875',NULL,'A');
INSERT INTO CT_VISITA(IDAGENDA,IDFACTURA,IDPRESUPPUESTO,IDCLIENTE,IDDOMICILIO,INICIOPROGRAMADO,FINPROGRAMADO,INICIOREAL,ESTADO) VALUES (3,NULL,NULL,24,1222,'42933.625','42934.2291666667',NULL,'A');
INSERT INTO CT_VISITA(IDAGENDA,IDFACTURA,IDPRESUPPUESTO,IDCLIENTE,IDDOMICILIO,INICIOPROGRAMADO,FINPROGRAMADO,INICIOREAL,ESTADO) VALUES (3,NULL,NULL,26,1224,'42933.6458333333','42934.2708333333',NULL,'A');
INSERT INTO CT_VISITA(IDAGENDA,IDFACTURA,IDPRESUPPUESTO,IDCLIENTE,IDDOMICILIO,INICIOPROGRAMADO,FINPROGRAMADO,INICIOREAL,ESTADO) VALUES (2,NULL,NULL,28,1226,'42933.6666666667','42934.3125',NULL,'A');
INSERT INTO CT_VISITA(IDAGENDA,IDFACTURA,IDPRESUPPUESTO,IDCLIENTE,IDDOMICILIO,INICIOPROGRAMADO,FINPROGRAMADO,INICIOREAL,ESTADO) VALUES (2,NULL,NULL,32,1230,'42933.6875','42934.3541666667',NULL,'A');
INSERT INTO CT_VISITA(IDAGENDA,IDFACTURA,IDPRESUPPUESTO,IDCLIENTE,IDDOMICILIO,INICIOPROGRAMADO,FINPROGRAMADO,INICIOREAL,ESTADO) VALUES (2,NULL,NULL,38,1236,'42933.7083333333','42934.3958333333',NULL,'A');
INSERT INTO CT_VISITA(IDAGENDA,IDFACTURA,IDPRESUPPUESTO,IDCLIENTE,IDDOMICILIO,INICIOPROGRAMADO,FINPROGRAMADO,INICIOREAL,ESTADO) VALUES (2,NULL,NULL,39,1237,'42933.7291666667','42934.4375',NULL,'A');
INSERT INTO CT_VISITA(IDAGENDA,IDFACTURA,IDPRESUPPUESTO,IDCLIENTE,IDDOMICILIO,INICIOPROGRAMADO,FINPROGRAMADO,INICIOREAL,ESTADO) VALUES (2,NULL,NULL,46,1244,'42933.75','42934.4791666667',NULL,'A');
INSERT INTO CT_VISITA(IDAGENDA,IDFACTURA,IDPRESUPPUESTO,IDCLIENTE,IDDOMICILIO,INICIOPROGRAMADO,FINPROGRAMADO,INICIOREAL,ESTADO) VALUES (2,NULL,NULL,47,1245,'42933.3958333333','42934.1458333333',NULL,'A');
INSERT INTO CT_VISITA(IDAGENDA,IDFACTURA,IDPRESUPPUESTO,IDCLIENTE,IDDOMICILIO,INICIOPROGRAMADO,FINPROGRAMADO,INICIOREAL,ESTADO) VALUES (3,NULL,NULL,48,1246,'42933.4166666667','42933.8125',NULL,'A');
INSERT INTO CT_VISITA(IDAGENDA,IDFACTURA,IDPRESUPPUESTO,IDCLIENTE,IDDOMICILIO,INICIOPROGRAMADO,FINPROGRAMADO,INICIOREAL,ESTADO) VALUES (3,NULL,NULL,49,1247,'42933.4375','42933.8541666667',NULL,'A');
INSERT INTO CT_VISITA(IDAGENDA,IDFACTURA,IDPRESUPPUESTO,IDCLIENTE,IDDOMICILIO,INICIOPROGRAMADO,FINPROGRAMADO,INICIOREAL,ESTADO) VALUES (1,NULL,NULL,50,1248,'42933.4583333333','42933.8958333333',NULL,'A');
INSERT INTO CT_VISITA(IDAGENDA,IDFACTURA,IDPRESUPPUESTO,IDCLIENTE,IDDOMICILIO,INICIOPROGRAMADO,FINPROGRAMADO,INICIOREAL,ESTADO) VALUES (1,NULL,NULL,64,1259,'42933.4791666667','42933.9375',NULL,'A');
INSERT INTO CT_VISITA(IDAGENDA,IDFACTURA,IDPRESUPPUESTO,IDCLIENTE,IDDOMICILIO,INICIOPROGRAMADO,FINPROGRAMADO,INICIOREAL,ESTADO) VALUES (2,NULL,NULL,69,1264,'42933.5','42933.9791666667',NULL,'A');
INSERT INTO CT_VISITA(IDAGENDA,IDFACTURA,IDPRESUPPUESTO,IDCLIENTE,IDDOMICILIO,INICIOPROGRAMADO,FINPROGRAMADO,INICIOREAL,ESTADO) VALUES (3,NULL,NULL,71,1266,'42933.5208333333','42934.0208333333',NULL,'A');
INSERT INTO CT_VISITA(IDAGENDA,IDFACTURA,IDPRESUPPUESTO,IDCLIENTE,IDDOMICILIO,INICIOPROGRAMADO,FINPROGRAMADO,INICIOREAL,ESTADO) VALUES (1,NULL,NULL,79,1274,'42933.5416666667','42934.0625',NULL,'A');
INSERT INTO CT_VISITA(IDAGENDA,IDFACTURA,IDPRESUPPUESTO,IDCLIENTE,IDDOMICILIO,INICIOPROGRAMADO,FINPROGRAMADO,INICIOREAL,ESTADO) VALUES (1,NULL,NULL,83,1278,'42933.5625','42934.1041666667',NULL,'A');
INSERT INTO CT_VISITA(IDAGENDA,IDFACTURA,IDPRESUPPUESTO,IDCLIENTE,IDDOMICILIO,INICIOPROGRAMADO,FINPROGRAMADO,INICIOREAL,ESTADO) VALUES (3,NULL,NULL,85,1280,'42933.5833333333','42934.1458333333',NULL,'A');
INSERT INTO CT_VISITA(IDAGENDA,IDFACTURA,IDPRESUPPUESTO,IDCLIENTE,IDDOMICILIO,INICIOPROGRAMADO,FINPROGRAMADO,INICIOREAL,ESTADO) VALUES (3,NULL,NULL,88,1283,'42933.6041666667','42934.1875',NULL,'A');
INSERT INTO CT_VISITA(IDAGENDA,IDFACTURA,IDPRESUPPUESTO,IDCLIENTE,IDDOMICILIO,INICIOPROGRAMADO,FINPROGRAMADO,INICIOREAL,ESTADO) VALUES (3,NULL,NULL,98,1292,'42933.625','42934.2291666667',NULL,'A');
INSERT INTO CT_VISITA(IDAGENDA,IDFACTURA,IDPRESUPPUESTO,IDCLIENTE,IDDOMICILIO,INICIOPROGRAMADO,FINPROGRAMADO,INICIOREAL,ESTADO) VALUES (3,NULL,NULL,101,1295,'42933.6458333333','42934.2708333333',NULL,'A');
INSERT INTO CT_VISITA(IDAGENDA,IDFACTURA,IDPRESUPPUESTO,IDCLIENTE,IDDOMICILIO,INICIOPROGRAMADO,FINPROGRAMADO,INICIOREAL,ESTADO) VALUES (3,NULL,NULL,113,1307,'42933.6666666667','42934.3125',NULL,'A');
INSERT INTO CT_VISITA(IDAGENDA,IDFACTURA,IDPRESUPPUESTO,IDCLIENTE,IDDOMICILIO,INICIOPROGRAMADO,FINPROGRAMADO,INICIOREAL,ESTADO) VALUES (2,NULL,NULL,114,1308,'42933.6875','42934.3541666667',NULL,'A');
INSERT INTO CT_VISITA(IDAGENDA,IDFACTURA,IDPRESUPPUESTO,IDCLIENTE,IDDOMICILIO,INICIOPROGRAMADO,FINPROGRAMADO,INICIOREAL,ESTADO) VALUES (3,NULL,NULL,115,1309,'42933.7083333333','42934.3958333333',NULL,'A');
INSERT INTO CT_VISITA(IDAGENDA,IDFACTURA,IDPRESUPPUESTO,IDCLIENTE,IDDOMICILIO,INICIOPROGRAMADO,FINPROGRAMADO,INICIOREAL,ESTADO) VALUES (1,NULL,NULL,116,1310,'42933.7291666667','42934.4375',NULL,'A');
INSERT INTO CT_VISITA(IDAGENDA,IDFACTURA,IDPRESUPPUESTO,IDCLIENTE,IDDOMICILIO,INICIOPROGRAMADO,FINPROGRAMADO,INICIOREAL,ESTADO) VALUES (2,NULL,NULL,118,1312,'42933.75','42934.4791666667',NULL,'A');
INSERT INTO CT_VISITA(IDAGENDA,IDFACTURA,IDPRESUPPUESTO,IDCLIENTE,IDDOMICILIO,INICIOPROGRAMADO,FINPROGRAMADO,INICIOREAL,ESTADO) VALUES (3,NULL,NULL,120,1314,'42933.3958333333','42934.1458333333',NULL,'A');
INSERT INTO CT_VISITA(IDAGENDA,IDFACTURA,IDPRESUPPUESTO,IDCLIENTE,IDDOMICILIO,INICIOPROGRAMADO,FINPROGRAMADO,INICIOREAL,ESTADO) VALUES (2,NULL,NULL,124,1318,'42933.4166666667','42933.8125',NULL,'A');
INSERT INTO CT_VISITA(IDAGENDA,IDFACTURA,IDPRESUPPUESTO,IDCLIENTE,IDDOMICILIO,INICIOPROGRAMADO,FINPROGRAMADO,INICIOREAL,ESTADO) VALUES (3,NULL,NULL,127,1321,'42933.4375','42933.8541666667',NULL,'A');
INSERT INTO CT_VISITA(IDAGENDA,IDFACTURA,IDPRESUPPUESTO,IDCLIENTE,IDDOMICILIO,INICIOPROGRAMADO,FINPROGRAMADO,INICIOREAL,ESTADO) VALUES (3,NULL,NULL,129,1323,'42933.4583333333','42933.8958333333',NULL,'A');
INSERT INTO CT_VISITA(IDAGENDA,IDFACTURA,IDPRESUPPUESTO,IDCLIENTE,IDDOMICILIO,INICIOPROGRAMADO,FINPROGRAMADO,INICIOREAL,ESTADO) VALUES (2,NULL,NULL,130,1324,'42933.4791666667','42933.9375',NULL,'A');
INSERT INTO CT_VISITA(IDAGENDA,IDFACTURA,IDPRESUPPUESTO,IDCLIENTE,IDDOMICILIO,INICIOPROGRAMADO,FINPROGRAMADO,INICIOREAL,ESTADO) VALUES (2,NULL,NULL,131,1325,'42933.5','42933.9791666667',NULL,'A');
INSERT INTO CT_VISITA(IDAGENDA,IDFACTURA,IDPRESUPPUESTO,IDCLIENTE,IDDOMICILIO,INICIOPROGRAMADO,FINPROGRAMADO,INICIOREAL,ESTADO) VALUES (3,NULL,NULL,2,1335,'42933.5208333333','42934.0208333333',NULL,'A');
INSERT INTO CT_VISITA(IDAGENDA,IDFACTURA,IDPRESUPPUESTO,IDCLIENTE,IDDOMICILIO,INICIOPROGRAMADO,FINPROGRAMADO,INICIOREAL,ESTADO) VALUES (3,NULL,NULL,9,1341,'42933.5416666667','42934.0625',NULL,'A');
INSERT INTO CT_VISITA(IDAGENDA,IDFACTURA,IDPRESUPPUESTO,IDCLIENTE,IDDOMICILIO,INICIOPROGRAMADO,FINPROGRAMADO,INICIOREAL,ESTADO) VALUES (3,NULL,NULL,12,1344,'42933.5625','42934.1041666667',NULL,'A');
INSERT INTO CT_VISITA(IDAGENDA,IDFACTURA,IDPRESUPPUESTO,IDCLIENTE,IDDOMICILIO,INICIOPROGRAMADO,FINPROGRAMADO,INICIOREAL,ESTADO) VALUES (1,NULL,NULL,20,1352,'42933.5833333333','42934.1458333333',NULL,'A');
INSERT INTO CT_VISITA(IDAGENDA,IDFACTURA,IDPRESUPPUESTO,IDCLIENTE,IDDOMICILIO,INICIOPROGRAMADO,FINPROGRAMADO,INICIOREAL,ESTADO) VALUES (1,NULL,NULL,21,1353,'42933.6041666667','42934.1875',NULL,'A');
INSERT INTO CT_VISITA(IDAGENDA,IDFACTURA,IDPRESUPPUESTO,IDCLIENTE,IDDOMICILIO,INICIOPROGRAMADO,FINPROGRAMADO,INICIOREAL,ESTADO) VALUES (2,NULL,NULL,24,1356,'42933.625','42934.2291666667',NULL,'A');
INSERT INTO CT_VISITA(IDAGENDA,IDFACTURA,IDPRESUPPUESTO,IDCLIENTE,IDDOMICILIO,INICIOPROGRAMADO,FINPROGRAMADO,INICIOREAL,ESTADO) VALUES (2,NULL,NULL,29,1361,'42933.6458333333','42934.2708333333',NULL,'A');
INSERT INTO CT_VISITA(IDAGENDA,IDFACTURA,IDPRESUPPUESTO,IDCLIENTE,IDDOMICILIO,INICIOPROGRAMADO,FINPROGRAMADO,INICIOREAL,ESTADO) VALUES (1,NULL,NULL,30,1362,'42933.6666666667','42934.3125',NULL,'A');
INSERT INTO CT_VISITA(IDAGENDA,IDFACTURA,IDPRESUPPUESTO,IDCLIENTE,IDDOMICILIO,INICIOPROGRAMADO,FINPROGRAMADO,INICIOREAL,ESTADO) VALUES (1,NULL,NULL,31,1363,'42933.6875','42934.3541666667',NULL,'A');
INSERT INTO CT_VISITA(IDAGENDA,IDFACTURA,IDPRESUPPUESTO,IDCLIENTE,IDDOMICILIO,INICIOPROGRAMADO,FINPROGRAMADO,INICIOREAL,ESTADO) VALUES (2,NULL,NULL,36,1368,'42933.7083333333','42934.3958333333',NULL,'A');
INSERT INTO CT_VISITA(IDAGENDA,IDFACTURA,IDPRESUPPUESTO,IDCLIENTE,IDDOMICILIO,INICIOPROGRAMADO,FINPROGRAMADO,INICIOREAL,ESTADO) VALUES (1,NULL,NULL,37,1369,'42933.7291666667','42934.4375',NULL,'A');
INSERT INTO CT_VISITA(IDAGENDA,IDFACTURA,IDPRESUPPUESTO,IDCLIENTE,IDDOMICILIO,INICIOPROGRAMADO,FINPROGRAMADO,INICIOREAL,ESTADO) VALUES (2,NULL,NULL,43,1375,'42933.75','42934.4791666667',NULL,'A');
INSERT INTO CT_VISITA(IDAGENDA,IDFACTURA,IDPRESUPPUESTO,IDCLIENTE,IDDOMICILIO,INICIOPROGRAMADO,FINPROGRAMADO,INICIOREAL,ESTADO) VALUES (2,NULL,NULL,44,1376,'42933.3958333333','42934.1458333333',NULL,'A');
INSERT INTO CT_VISITA(IDAGENDA,IDFACTURA,IDPRESUPPUESTO,IDCLIENTE,IDDOMICILIO,INICIOPROGRAMADO,FINPROGRAMADO,INICIOREAL,ESTADO) VALUES (1,NULL,NULL,46,1378,'42933.4166666667','42933.8125',NULL,'A');
INSERT INTO CT_VISITA(IDAGENDA,IDFACTURA,IDPRESUPPUESTO,IDCLIENTE,IDDOMICILIO,INICIOPROGRAMADO,FINPROGRAMADO,INICIOREAL,ESTADO) VALUES (2,NULL,NULL,50,1382,'42933.4375','42933.8541666667',NULL,'A');
INSERT INTO CT_VISITA(IDAGENDA,IDFACTURA,IDPRESUPPUESTO,IDCLIENTE,IDDOMICILIO,INICIOPROGRAMADO,FINPROGRAMADO,INICIOREAL,ESTADO) VALUES (1,NULL,NULL,59,1390,'42933.4583333333','42933.8958333333',NULL,'A');
INSERT INTO CT_VISITA(IDAGENDA,IDFACTURA,IDPRESUPPUESTO,IDCLIENTE,IDDOMICILIO,INICIOPROGRAMADO,FINPROGRAMADO,INICIOREAL,ESTADO) VALUES (3,NULL,NULL,62,1392,'42933.4791666667','42933.9375',NULL,'A');
INSERT INTO CT_VISITA(IDAGENDA,IDFACTURA,IDPRESUPPUESTO,IDCLIENTE,IDDOMICILIO,INICIOPROGRAMADO,FINPROGRAMADO,INICIOREAL,ESTADO) VALUES (1,NULL,NULL,68,1398,'42933.5','42933.9791666667',NULL,'A');
INSERT INTO CT_VISITA(IDAGENDA,IDFACTURA,IDPRESUPPUESTO,IDCLIENTE,IDDOMICILIO,INICIOPROGRAMADO,FINPROGRAMADO,INICIOREAL,ESTADO) VALUES (2,NULL,NULL,75,1405,'42933.5208333333','42934.0208333333',NULL,'A');
INSERT INTO CT_VISITA(IDAGENDA,IDFACTURA,IDPRESUPPUESTO,IDCLIENTE,IDDOMICILIO,INICIOPROGRAMADO,FINPROGRAMADO,INICIOREAL,ESTADO) VALUES (3,NULL,NULL,76,1406,'42933.5416666667','42934.0625',NULL,'A');
INSERT INTO CT_VISITA(IDAGENDA,IDFACTURA,IDPRESUPPUESTO,IDCLIENTE,IDDOMICILIO,INICIOPROGRAMADO,FINPROGRAMADO,INICIOREAL,ESTADO) VALUES (2,NULL,NULL,80,1410,'42933.5625','42934.1041666667',NULL,'A');
INSERT INTO CT_VISITA(IDAGENDA,IDFACTURA,IDPRESUPPUESTO,IDCLIENTE,IDDOMICILIO,INICIOPROGRAMADO,FINPROGRAMADO,INICIOREAL,ESTADO) VALUES (3,NULL,NULL,82,1412,'42933.5833333333','42934.1458333333',NULL,'A');
INSERT INTO CT_VISITA(IDAGENDA,IDFACTURA,IDPRESUPPUESTO,IDCLIENTE,IDDOMICILIO,INICIOPROGRAMADO,FINPROGRAMADO,INICIOREAL,ESTADO) VALUES (2,NULL,NULL,116,1446,'42933.6041666667','42934.1875',NULL,'A');
INSERT INTO CT_VISITA(IDAGENDA,IDFACTURA,IDPRESUPPUESTO,IDCLIENTE,IDDOMICILIO,INICIOPROGRAMADO,FINPROGRAMADO,INICIOREAL,ESTADO) VALUES (1,NULL,NULL,119,1449,'42933.625','42934.2291666667',NULL,'A');
INSERT INTO CT_VISITA(IDAGENDA,IDFACTURA,IDPRESUPPUESTO,IDCLIENTE,IDDOMICILIO,INICIOPROGRAMADO,FINPROGRAMADO,INICIOREAL,ESTADO) VALUES (3,NULL,NULL,127,1457,'42933.6458333333','42934.2708333333',NULL,'A');
INSERT INTO CT_VISITA(IDAGENDA,IDFACTURA,IDPRESUPPUESTO,IDCLIENTE,IDDOMICILIO,INICIOPROGRAMADO,FINPROGRAMADO,INICIOREAL,ESTADO) VALUES (2,NULL,NULL,128,1458,'42933.6666666667','42934.3125',NULL,'A');
INSERT INTO CT_VISITA(IDAGENDA,IDFACTURA,IDPRESUPPUESTO,IDCLIENTE,IDDOMICILIO,INICIOPROGRAMADO,FINPROGRAMADO,INICIOREAL,ESTADO) VALUES (1,NULL,NULL,133,1463,'42933.6875','42934.3541666667',NULL,'A');
INSERT INTO CT_VISITA(IDAGENDA,IDFACTURA,IDPRESUPPUESTO,IDCLIENTE,IDDOMICILIO,INICIOPROGRAMADO,FINPROGRAMADO,INICIOREAL,ESTADO) VALUES (3,NULL,NULL,138,1468,'42933.7083333333','42934.3958333333',NULL,'A');
INSERT INTO CT_VISITA(IDAGENDA,IDFACTURA,IDPRESUPPUESTO,IDCLIENTE,IDDOMICILIO,INICIOPROGRAMADO,FINPROGRAMADO,INICIOREAL,ESTADO) VALUES (3,NULL,NULL,9,1477,'42933.7291666667','42934.4375',NULL,'A');
INSERT INTO CT_VISITA(IDAGENDA,IDFACTURA,IDPRESUPPUESTO,IDCLIENTE,IDDOMICILIO,INICIOPROGRAMADO,FINPROGRAMADO,INICIOREAL,ESTADO) VALUES (3,NULL,NULL,10,1478,'42933.75','42934.4791666667',NULL,'A');
INSERT INTO CT_VISITA(IDAGENDA,IDFACTURA,IDPRESUPPUESTO,IDCLIENTE,IDDOMICILIO,INICIOPROGRAMADO,FINPROGRAMADO,INICIOREAL,ESTADO) VALUES (2,NULL,NULL,17,1485,'42933.3958333333','42934.1458333333',NULL,'A');
INSERT INTO CT_VISITA(IDAGENDA,IDFACTURA,IDPRESUPPUESTO,IDCLIENTE,IDDOMICILIO,INICIOPROGRAMADO,FINPROGRAMADO,INICIOREAL,ESTADO) VALUES (2,NULL,NULL,22,1490,'42933.4166666667','42933.8125',NULL,'A');
INSERT INTO CT_VISITA(IDAGENDA,IDFACTURA,IDPRESUPPUESTO,IDCLIENTE,IDDOMICILIO,INICIOPROGRAMADO,FINPROGRAMADO,INICIOREAL,ESTADO) VALUES (1,NULL,NULL,30,1498,'42933.4375','42933.8541666667',NULL,'A');
INSERT INTO CT_VISITA(IDAGENDA,IDFACTURA,IDPRESUPPUESTO,IDCLIENTE,IDDOMICILIO,INICIOPROGRAMADO,FINPROGRAMADO,INICIOREAL,ESTADO) VALUES (3,NULL,NULL,31,1499,'42933.4583333333','42933.8958333333',NULL,'A');
INSERT INTO CT_VISITA(IDAGENDA,IDFACTURA,IDPRESUPPUESTO,IDCLIENTE,IDDOMICILIO,INICIOPROGRAMADO,FINPROGRAMADO,INICIOREAL,ESTADO) VALUES (1,NULL,NULL,36,1504,'42933.4791666667','42933.9375',NULL,'A');
INSERT INTO CT_VISITA(IDAGENDA,IDFACTURA,IDPRESUPPUESTO,IDCLIENTE,IDDOMICILIO,INICIOPROGRAMADO,FINPROGRAMADO,INICIOREAL,ESTADO) VALUES (2,NULL,NULL,42,1510,'42933.5','42933.9791666667',NULL,'A');
INSERT INTO CT_VISITA(IDAGENDA,IDFACTURA,IDPRESUPPUESTO,IDCLIENTE,IDDOMICILIO,INICIOPROGRAMADO,FINPROGRAMADO,INICIOREAL,ESTADO) VALUES (1,NULL,NULL,53,1200,'42933.5208333333','42934.0208333333',NULL,'A');
INSERT INTO CT_VISITA(IDAGENDA,IDFACTURA,IDPRESUPPUESTO,IDCLIENTE,IDDOMICILIO,INICIOPROGRAMADO,FINPROGRAMADO,INICIOREAL,ESTADO) VALUES (1,NULL,NULL,69,1213,'42933.5416666667','42934.0625',NULL,'A');
INSERT INTO CT_VISITA(IDAGENDA,IDFACTURA,IDPRESUPPUESTO,IDCLIENTE,IDDOMICILIO,INICIOPROGRAMADO,FINPROGRAMADO,INICIOREAL,ESTADO) VALUES (2,NULL,NULL,71,1215,'42933.5625','42934.1041666667',NULL,'A');




insert into ct_presupuesto(FECHAEMISIONPRESUPUESTO,IDCLIENTE,IDTECNICO,TIEMPOMANOOBRA,MONTOMANOOBRA) values(getdate(),3,40,30,1000);
insert into ct_presupuesto(FECHAEMISIONPRESUPUESTO,IDCLIENTE,IDTECNICO,TIEMPOMANOOBRA,MONTOMANOOBRA) values(getdate(),6,40,40,2000);
insert into ct_presupuesto(FECHAEMISIONPRESUPUESTO,IDCLIENTE,IDTECNICO,TIEMPOMANOOBRA,MONTOMANOOBRA) values(getdate(),7,40,50,5000);
insert into ct_presupuesto(FECHAEMISIONPRESUPUESTO,IDCLIENTE,IDTECNICO,TIEMPOMANOOBRA,MONTOMANOOBRA) values(getdate(),15,40,60,300);
insert into ct_presupuesto(FECHAEMISIONPRESUPUESTO,IDCLIENTE,IDTECNICO,TIEMPOMANOOBRA,MONTOMANOOBRA) values(getdate(),18,38,70,500);
insert into ct_presupuesto(FECHAEMISIONPRESUPUESTO,IDCLIENTE,IDTECNICO,TIEMPOMANOOBRA,MONTOMANOOBRA) values(getdate(),20,40,30,950);
insert into ct_presupuesto(FECHAEMISIONPRESUPUESTO,IDCLIENTE,IDTECNICO,TIEMPOMANOOBRA,MONTOMANOOBRA) values(getdate(),21,40,40,680);
insert into ct_presupuesto(FECHAEMISIONPRESUPUESTO,IDCLIENTE,IDTECNICO,TIEMPOMANOOBRA,MONTOMANOOBRA) values(getdate(),30,38,50,410);
insert into ct_presupuesto(FECHAEMISIONPRESUPUESTO,IDCLIENTE,IDTECNICO,TIEMPOMANOOBRA,MONTOMANOOBRA) values(getdate(),34,38,60,140);
insert into ct_presupuesto(FECHAEMISIONPRESUPUESTO,IDCLIENTE,IDTECNICO,TIEMPOMANOOBRA,MONTOMANOOBRA) values(getdate(),40,39,70,700);
insert into ct_presupuesto(FECHAEMISIONPRESUPUESTO,IDCLIENTE,IDTECNICO,TIEMPOMANOOBRA,MONTOMANOOBRA) values(getdate(),44,38,30,400);
insert into ct_presupuesto(FECHAEMISIONPRESUPUESTO,IDCLIENTE,IDTECNICO,TIEMPOMANOOBRA,MONTOMANOOBRA) values(getdate(),52,38,40,670);
insert into ct_presupuesto(FECHAEMISIONPRESUPUESTO,IDCLIENTE,IDTECNICO,TIEMPOMANOOBRA,MONTOMANOOBRA) values(getdate(),63,39,50,940);
insert into ct_presupuesto(FECHAEMISIONPRESUPUESTO,IDCLIENTE,IDTECNICO,TIEMPOMANOOBRA,MONTOMANOOBRA) values(getdate(),74,40,60,1210);
insert into ct_presupuesto(FECHAEMISIONPRESUPUESTO,IDCLIENTE,IDTECNICO,TIEMPOMANOOBRA,MONTOMANOOBRA) values(getdate(),89,38,70,1480);
insert into ct_presupuesto(FECHAEMISIONPRESUPUESTO,IDCLIENTE,IDTECNICO,TIEMPOMANOOBRA,MONTOMANOOBRA) values(getdate(),91,39,30,1750);
insert into ct_presupuesto(FECHAEMISIONPRESUPUESTO,IDCLIENTE,IDTECNICO,TIEMPOMANOOBRA,MONTOMANOOBRA) values(getdate(),99,38,40,2020);
insert into ct_presupuesto(FECHAEMISIONPRESUPUESTO,IDCLIENTE,IDTECNICO,TIEMPOMANOOBRA,MONTOMANOOBRA) values(getdate(),104,38,50,2290);
insert into ct_presupuesto(FECHAEMISIONPRESUPUESTO,IDCLIENTE,IDTECNICO,TIEMPOMANOOBRA,MONTOMANOOBRA) values(getdate(),105,38,60,2560);
insert into ct_presupuesto(FECHAEMISIONPRESUPUESTO,IDCLIENTE,IDTECNICO,TIEMPOMANOOBRA,MONTOMANOOBRA) values(getdate(),106,39,70,2830);
insert into ct_presupuesto(FECHAEMISIONPRESUPUESTO,IDCLIENTE,IDTECNICO,TIEMPOMANOOBRA,MONTOMANOOBRA) values(getdate(),110,39,30,3100);
insert into ct_presupuesto(FECHAEMISIONPRESUPUESTO,IDCLIENTE,IDTECNICO,TIEMPOMANOOBRA,MONTOMANOOBRA) values(getdate(),112,39,40,3370);
insert into ct_presupuesto(FECHAEMISIONPRESUPUESTO,IDCLIENTE,IDTECNICO,TIEMPOMANOOBRA,MONTOMANOOBRA) values(getdate(),117,39,50,3640);
insert into ct_presupuesto(FECHAEMISIONPRESUPUESTO,IDCLIENTE,IDTECNICO,TIEMPOMANOOBRA,MONTOMANOOBRA) values(getdate(),122,39,60,3910);
insert into ct_presupuesto(FECHAEMISIONPRESUPUESTO,IDCLIENTE,IDTECNICO,TIEMPOMANOOBRA,MONTOMANOOBRA) values(getdate(),126,38,70,4180);
insert into ct_presupuesto(FECHAEMISIONPRESUPUESTO,IDCLIENTE,IDTECNICO,TIEMPOMANOOBRA,MONTOMANOOBRA) values(getdate(),133,39,30,4450);
insert into ct_presupuesto(FECHAEMISIONPRESUPUESTO,IDCLIENTE,IDTECNICO,TIEMPOMANOOBRA,MONTOMANOOBRA) values(getdate(),134,39,40,4720);
insert into ct_presupuesto(FECHAEMISIONPRESUPUESTO,IDCLIENTE,IDTECNICO,TIEMPOMANOOBRA,MONTOMANOOBRA) values(getdate(),138,38,50,4990);
insert into ct_presupuesto(FECHAEMISIONPRESUPUESTO,IDCLIENTE,IDTECNICO,TIEMPOMANOOBRA,MONTOMANOOBRA) values(getdate(),3,39,60,5260);
insert into ct_presupuesto(FECHAEMISIONPRESUPUESTO,IDCLIENTE,IDTECNICO,TIEMPOMANOOBRA,MONTOMANOOBRA) values(getdate(),5,38,70,5530);
insert into ct_presupuesto(FECHAEMISIONPRESUPUESTO,IDCLIENTE,IDTECNICO,TIEMPOMANOOBRA,MONTOMANOOBRA) values(getdate(),8,40,30,5800);
insert into ct_presupuesto(FECHAEMISIONPRESUPUESTO,IDCLIENTE,IDTECNICO,TIEMPOMANOOBRA,MONTOMANOOBRA) values(getdate(),17,39,40,6070);
insert into ct_presupuesto(FECHAEMISIONPRESUPUESTO,IDCLIENTE,IDTECNICO,TIEMPOMANOOBRA,MONTOMANOOBRA) values(getdate(),18,38,50,6340);
insert into ct_presupuesto(FECHAEMISIONPRESUPUESTO,IDCLIENTE,IDTECNICO,TIEMPOMANOOBRA,MONTOMANOOBRA) values(getdate(),26,39,60,6610);
insert into ct_presupuesto(FECHAEMISIONPRESUPUESTO,IDCLIENTE,IDTECNICO,TIEMPOMANOOBRA,MONTOMANOOBRA) values(getdate(),27,38,70,6880);
insert into ct_presupuesto(FECHAEMISIONPRESUPUESTO,IDCLIENTE,IDTECNICO,TIEMPOMANOOBRA,MONTOMANOOBRA) values(getdate(),40,40,30,7150);
insert into ct_presupuesto(FECHAEMISIONPRESUPUESTO,IDCLIENTE,IDTECNICO,TIEMPOMANOOBRA,MONTOMANOOBRA) values(getdate(),51,39,40,7420);
insert into ct_presupuesto(FECHAEMISIONPRESUPUESTO,IDCLIENTE,IDTECNICO,TIEMPOMANOOBRA,MONTOMANOOBRA) values(getdate(),54,39,50,7690);
insert into ct_presupuesto(FECHAEMISIONPRESUPUESTO,IDCLIENTE,IDTECNICO,TIEMPOMANOOBRA,MONTOMANOOBRA) values(getdate(),63,40,60,7960);
insert into ct_presupuesto(FECHAEMISIONPRESUPUESTO,IDCLIENTE,IDTECNICO,TIEMPOMANOOBRA,MONTOMANOOBRA) values(getdate(),66,39,70,8230);
insert into ct_presupuesto(FECHAEMISIONPRESUPUESTO,IDCLIENTE,IDTECNICO,TIEMPOMANOOBRA,MONTOMANOOBRA) values(getdate(),73,40,30,8500);
insert into ct_presupuesto(FECHAEMISIONPRESUPUESTO,IDCLIENTE,IDTECNICO,TIEMPOMANOOBRA,MONTOMANOOBRA) values(getdate(),81,40,40,8770);
insert into ct_presupuesto(FECHAEMISIONPRESUPUESTO,IDCLIENTE,IDTECNICO,TIEMPOMANOOBRA,MONTOMANOOBRA) values(getdate(),83,40,50,9040);
insert into ct_presupuesto(FECHAEMISIONPRESUPUESTO,IDCLIENTE,IDTECNICO,TIEMPOMANOOBRA,MONTOMANOOBRA) values(getdate(),84,40,60,9310);
insert into ct_presupuesto(FECHAEMISIONPRESUPUESTO,IDCLIENTE,IDTECNICO,TIEMPOMANOOBRA,MONTOMANOOBRA) values(getdate(),85,38,70,9580);
insert into ct_presupuesto(FECHAEMISIONPRESUPUESTO,IDCLIENTE,IDTECNICO,TIEMPOMANOOBRA,MONTOMANOOBRA) values(getdate(),90,38,30,9850);
insert into ct_presupuesto(FECHAEMISIONPRESUPUESTO,IDCLIENTE,IDTECNICO,TIEMPOMANOOBRA,MONTOMANOOBRA) values(getdate(),93,38,40,10120);
insert into ct_presupuesto(FECHAEMISIONPRESUPUESTO,IDCLIENTE,IDTECNICO,TIEMPOMANOOBRA,MONTOMANOOBRA) values(getdate(),98,38,50,10390);
insert into ct_presupuesto(FECHAEMISIONPRESUPUESTO,IDCLIENTE,IDTECNICO,TIEMPOMANOOBRA,MONTOMANOOBRA) values(getdate(),105,39,60,10660);
insert into ct_presupuesto(FECHAEMISIONPRESUPUESTO,IDCLIENTE,IDTECNICO,TIEMPOMANOOBRA,MONTOMANOOBRA) values(getdate(),115,40,70,10930);
insert into ct_presupuesto(FECHAEMISIONPRESUPUESTO,IDCLIENTE,IDTECNICO,TIEMPOMANOOBRA,MONTOMANOOBRA) values(getdate(),122,39,30,11200);
insert into ct_presupuesto(FECHAEMISIONPRESUPUESTO,IDCLIENTE,IDTECNICO,TIEMPOMANOOBRA,MONTOMANOOBRA) values(getdate(),130,39,40,11470);
insert into ct_presupuesto(FECHAEMISIONPRESUPUESTO,IDCLIENTE,IDTECNICO,TIEMPOMANOOBRA,MONTOMANOOBRA) values(getdate(),134,39,50,11740);
insert into ct_presupuesto(FECHAEMISIONPRESUPUESTO,IDCLIENTE,IDTECNICO,TIEMPOMANOOBRA,MONTOMANOOBRA) values(getdate(),137,39,60,12010);
insert into ct_presupuesto(FECHAEMISIONPRESUPUESTO,IDCLIENTE,IDTECNICO,TIEMPOMANOOBRA,MONTOMANOOBRA) values(getdate(),5,40,70,12280);
insert into ct_presupuesto(FECHAEMISIONPRESUPUESTO,IDCLIENTE,IDTECNICO,TIEMPOMANOOBRA,MONTOMANOOBRA) values(getdate(),11,38,30,12550);
insert into ct_presupuesto(FECHAEMISIONPRESUPUESTO,IDCLIENTE,IDTECNICO,TIEMPOMANOOBRA,MONTOMANOOBRA) values(getdate(),15,39,40,12820);
insert into ct_presupuesto(FECHAEMISIONPRESUPUESTO,IDCLIENTE,IDTECNICO,TIEMPOMANOOBRA,MONTOMANOOBRA) values(getdate(),16,39,50,13090);
insert into ct_presupuesto(FECHAEMISIONPRESUPUESTO,IDCLIENTE,IDTECNICO,TIEMPOMANOOBRA,MONTOMANOOBRA) values(getdate(),21,40,60,13360);
insert into ct_presupuesto(FECHAEMISIONPRESUPUESTO,IDCLIENTE,IDTECNICO,TIEMPOMANOOBRA,MONTOMANOOBRA) values(getdate(),24,38,70,13630);
insert into ct_presupuesto(FECHAEMISIONPRESUPUESTO,IDCLIENTE,IDTECNICO,TIEMPOMANOOBRA,MONTOMANOOBRA) values(getdate(),26,39,30,13900);
insert into ct_presupuesto(FECHAEMISIONPRESUPUESTO,IDCLIENTE,IDTECNICO,TIEMPOMANOOBRA,MONTOMANOOBRA) values(getdate(),39,39,40,1000);
insert into ct_presupuesto(FECHAEMISIONPRESUPUESTO,IDCLIENTE,IDTECNICO,TIEMPOMANOOBRA,MONTOMANOOBRA) values(getdate(),40,39,50,2000);
insert into ct_presupuesto(FECHAEMISIONPRESUPUESTO,IDCLIENTE,IDTECNICO,TIEMPOMANOOBRA,MONTOMANOOBRA) values(getdate(),43,40,60,5000);
insert into ct_presupuesto(FECHAEMISIONPRESUPUESTO,IDCLIENTE,IDTECNICO,TIEMPOMANOOBRA,MONTOMANOOBRA) values(getdate(),44,38,70,300);
insert into ct_presupuesto(FECHAEMISIONPRESUPUESTO,IDCLIENTE,IDTECNICO,TIEMPOMANOOBRA,MONTOMANOOBRA) values(getdate(),47,40,30,500);
insert into ct_presupuesto(FECHAEMISIONPRESUPUESTO,IDCLIENTE,IDTECNICO,TIEMPOMANOOBRA,MONTOMANOOBRA) values(getdate(),49,39,40,950);
insert into ct_presupuesto(FECHAEMISIONPRESUPUESTO,IDCLIENTE,IDTECNICO,TIEMPOMANOOBRA,MONTOMANOOBRA) values(getdate(),61,39,50,680);
insert into ct_presupuesto(FECHAEMISIONPRESUPUESTO,IDCLIENTE,IDTECNICO,TIEMPOMANOOBRA,MONTOMANOOBRA) values(getdate(),62,38,60,410);
insert into ct_presupuesto(FECHAEMISIONPRESUPUESTO,IDCLIENTE,IDTECNICO,TIEMPOMANOOBRA,MONTOMANOOBRA) values(getdate(),63,40,70,140);
insert into ct_presupuesto(FECHAEMISIONPRESUPUESTO,IDCLIENTE,IDTECNICO,TIEMPOMANOOBRA,MONTOMANOOBRA) values(getdate(),64,38,30,700);
insert into ct_presupuesto(FECHAEMISIONPRESUPUESTO,IDCLIENTE,IDTECNICO,TIEMPOMANOOBRA,MONTOMANOOBRA) values(getdate(),67,39,40,400);
insert into ct_presupuesto(FECHAEMISIONPRESUPUESTO,IDCLIENTE,IDTECNICO,TIEMPOMANOOBRA,MONTOMANOOBRA) values(getdate(),72,40,50,670);
insert into ct_presupuesto(FECHAEMISIONPRESUPUESTO,IDCLIENTE,IDTECNICO,TIEMPOMANOOBRA,MONTOMANOOBRA) values(getdate(),73,38,60,940);
insert into ct_presupuesto(FECHAEMISIONPRESUPUESTO,IDCLIENTE,IDTECNICO,TIEMPOMANOOBRA,MONTOMANOOBRA) values(getdate(),77,39,70,1210);
insert into ct_presupuesto(FECHAEMISIONPRESUPUESTO,IDCLIENTE,IDTECNICO,TIEMPOMANOOBRA,MONTOMANOOBRA) values(getdate(),82,39,30,1480);
insert into ct_presupuesto(FECHAEMISIONPRESUPUESTO,IDCLIENTE,IDTECNICO,TIEMPOMANOOBRA,MONTOMANOOBRA) values(getdate(),83,39,40,1750);
insert into ct_presupuesto(FECHAEMISIONPRESUPUESTO,IDCLIENTE,IDTECNICO,TIEMPOMANOOBRA,MONTOMANOOBRA) values(getdate(),86,40,50,2020);
insert into ct_presupuesto(FECHAEMISIONPRESUPUESTO,IDCLIENTE,IDTECNICO,TIEMPOMANOOBRA,MONTOMANOOBRA) values(getdate(),87,39,60,2290);
insert into ct_presupuesto(FECHAEMISIONPRESUPUESTO,IDCLIENTE,IDTECNICO,TIEMPOMANOOBRA,MONTOMANOOBRA) values(getdate(),88,40,70,2560);
insert into ct_presupuesto(FECHAEMISIONPRESUPUESTO,IDCLIENTE,IDTECNICO,TIEMPOMANOOBRA,MONTOMANOOBRA) values(getdate(),93,39,30,2830);
insert into ct_presupuesto(FECHAEMISIONPRESUPUESTO,IDCLIENTE,IDTECNICO,TIEMPOMANOOBRA,MONTOMANOOBRA) values(getdate(),111,38,40,3100);
insert into ct_presupuesto(FECHAEMISIONPRESUPUESTO,IDCLIENTE,IDTECNICO,TIEMPOMANOOBRA,MONTOMANOOBRA) values(getdate(),1,38,50,3370);
insert into ct_presupuesto(FECHAEMISIONPRESUPUESTO,IDCLIENTE,IDTECNICO,TIEMPOMANOOBRA,MONTOMANOOBRA) values(getdate(),2,38,60,3640);
insert into ct_presupuesto(FECHAEMISIONPRESUPUESTO,IDCLIENTE,IDTECNICO,TIEMPOMANOOBRA,MONTOMANOOBRA) values(getdate(),10,38,70,3910);
insert into ct_presupuesto(FECHAEMISIONPRESUPUESTO,IDCLIENTE,IDTECNICO,TIEMPOMANOOBRA,MONTOMANOOBRA) values(getdate(),12,40,30,4180);
insert into ct_presupuesto(FECHAEMISIONPRESUPUESTO,IDCLIENTE,IDTECNICO,TIEMPOMANOOBRA,MONTOMANOOBRA) values(getdate(),14,40,40,4450);
insert into ct_presupuesto(FECHAEMISIONPRESUPUESTO,IDCLIENTE,IDTECNICO,TIEMPOMANOOBRA,MONTOMANOOBRA) values(getdate(),22,39,50,4720);
insert into ct_presupuesto(FECHAEMISIONPRESUPUESTO,IDCLIENTE,IDTECNICO,TIEMPOMANOOBRA,MONTOMANOOBRA) values(getdate(),27,39,60,4990);
insert into ct_presupuesto(FECHAEMISIONPRESUPUESTO,IDCLIENTE,IDTECNICO,TIEMPOMANOOBRA,MONTOMANOOBRA) values(getdate(),31,40,70,5260);
insert into ct_presupuesto(FECHAEMISIONPRESUPUESTO,IDCLIENTE,IDTECNICO,TIEMPOMANOOBRA,MONTOMANOOBRA) values(getdate(),36,40,30,5530);
insert into ct_presupuesto(FECHAEMISIONPRESUPUESTO,IDCLIENTE,IDTECNICO,TIEMPOMANOOBRA,MONTOMANOOBRA) values(getdate(),37,39,40,5800);
insert into ct_presupuesto(FECHAEMISIONPRESUPUESTO,IDCLIENTE,IDTECNICO,TIEMPOMANOOBRA,MONTOMANOOBRA) values(getdate(),59,40,50,6070);
insert into ct_presupuesto(FECHAEMISIONPRESUPUESTO,IDCLIENTE,IDTECNICO,TIEMPOMANOOBRA,MONTOMANOOBRA) values(getdate(),65,40,60,6340);
insert into ct_presupuesto(FECHAEMISIONPRESUPUESTO,IDCLIENTE,IDTECNICO,TIEMPOMANOOBRA,MONTOMANOOBRA) values(getdate(),68,40,70,6610);
insert into ct_presupuesto(FECHAEMISIONPRESUPUESTO,IDCLIENTE,IDTECNICO,TIEMPOMANOOBRA,MONTOMANOOBRA) values(getdate(),70,40,30,6880);
insert into ct_presupuesto(FECHAEMISIONPRESUPUESTO,IDCLIENTE,IDTECNICO,TIEMPOMANOOBRA,MONTOMANOOBRA) values(getdate(),76,39,40,7150);
insert into ct_presupuesto(FECHAEMISIONPRESUPUESTO,IDCLIENTE,IDTECNICO,TIEMPOMANOOBRA,MONTOMANOOBRA) values(getdate(),77,39,50,7420);
insert into ct_presupuesto(FECHAEMISIONPRESUPUESTO,IDCLIENTE,IDTECNICO,TIEMPOMANOOBRA,MONTOMANOOBRA) values(getdate(),93,40,60,7690);
insert into ct_presupuesto(FECHAEMISIONPRESUPUESTO,IDCLIENTE,IDTECNICO,TIEMPOMANOOBRA,MONTOMANOOBRA) values(getdate(),97,40,70,7960);
insert into ct_presupuesto(FECHAEMISIONPRESUPUESTO,IDCLIENTE,IDTECNICO,TIEMPOMANOOBRA,MONTOMANOOBRA) values(getdate(),103,40,30,8230);
insert into ct_presupuesto(FECHAEMISIONPRESUPUESTO,IDCLIENTE,IDTECNICO,TIEMPOMANOOBRA,MONTOMANOOBRA) values(getdate(),108,38,40,8500);
insert into ct_presupuesto(FECHAEMISIONPRESUPUESTO,IDCLIENTE,IDTECNICO,TIEMPOMANOOBRA,MONTOMANOOBRA) values(getdate(),109,39,50,8770);
insert into ct_presupuesto(FECHAEMISIONPRESUPUESTO,IDCLIENTE,IDTECNICO,TIEMPOMANOOBRA,MONTOMANOOBRA) values(getdate(),111,40,60,9040);
insert into ct_presupuesto(FECHAEMISIONPRESUPUESTO,IDCLIENTE,IDTECNICO,TIEMPOMANOOBRA,MONTOMANOOBRA) values(getdate(),121,40,70,9310);
insert into ct_presupuesto(FECHAEMISIONPRESUPUESTO,IDCLIENTE,IDTECNICO,TIEMPOMANOOBRA,MONTOMANOOBRA) values(getdate(),123,38,30,9580);
insert into ct_presupuesto(FECHAEMISIONPRESUPUESTO,IDCLIENTE,IDTECNICO,TIEMPOMANOOBRA,MONTOMANOOBRA) values(getdate(),132,39,40,9850);
insert into ct_presupuesto(FECHAEMISIONPRESUPUESTO,IDCLIENTE,IDTECNICO,TIEMPOMANOOBRA,MONTOMANOOBRA) values(getdate(),137,39,50,10120);
insert into ct_presupuesto(FECHAEMISIONPRESUPUESTO,IDCLIENTE,IDTECNICO,TIEMPOMANOOBRA,MONTOMANOOBRA) values(getdate(),7,38,60,10390);
insert into ct_presupuesto(FECHAEMISIONPRESUPUESTO,IDCLIENTE,IDTECNICO,TIEMPOMANOOBRA,MONTOMANOOBRA) values(getdate(),10,39,70,10660);
insert into ct_presupuesto(FECHAEMISIONPRESUPUESTO,IDCLIENTE,IDTECNICO,TIEMPOMANOOBRA,MONTOMANOOBRA) values(getdate(),13,39,30,10930);
insert into ct_presupuesto(FECHAEMISIONPRESUPUESTO,IDCLIENTE,IDTECNICO,TIEMPOMANOOBRA,MONTOMANOOBRA) values(getdate(),15,39,40,1000);
insert into ct_presupuesto(FECHAEMISIONPRESUPUESTO,IDCLIENTE,IDTECNICO,TIEMPOMANOOBRA,MONTOMANOOBRA) values(getdate(),35,39,50,2000);
insert into ct_presupuesto(FECHAEMISIONPRESUPUESTO,IDCLIENTE,IDTECNICO,TIEMPOMANOOBRA,MONTOMANOOBRA) values(getdate(),42,39,60,5000);
insert into ct_presupuesto(FECHAEMISIONPRESUPUESTO,IDCLIENTE,IDTECNICO,TIEMPOMANOOBRA,MONTOMANOOBRA) values(getdate(),48,40,70,300);
insert into ct_presupuesto(FECHAEMISIONPRESUPUESTO,IDCLIENTE,IDTECNICO,TIEMPOMANOOBRA,MONTOMANOOBRA) values(getdate(),53,40,30,500);
insert into ct_presupuesto(FECHAEMISIONPRESUPUESTO,IDCLIENTE,IDTECNICO,TIEMPOMANOOBRA,MONTOMANOOBRA) values(getdate(),61,39,40,950);
insert into ct_presupuesto(FECHAEMISIONPRESUPUESTO,IDCLIENTE,IDTECNICO,TIEMPOMANOOBRA,MONTOMANOOBRA) values(getdate(),69,40,50,680);
insert into ct_presupuesto(FECHAEMISIONPRESUPUESTO,IDCLIENTE,IDTECNICO,TIEMPOMANOOBRA,MONTOMANOOBRA) values(getdate(),72,39,60,410);
insert into ct_presupuesto(FECHAEMISIONPRESUPUESTO,IDCLIENTE,IDTECNICO,TIEMPOMANOOBRA,MONTOMANOOBRA) values(getdate(),74,39,70,140);
insert into ct_presupuesto(FECHAEMISIONPRESUPUESTO,IDCLIENTE,IDTECNICO,TIEMPOMANOOBRA,MONTOMANOOBRA) values(getdate(),78,40,30,700);
insert into ct_presupuesto(FECHAEMISIONPRESUPUESTO,IDCLIENTE,IDTECNICO,TIEMPOMANOOBRA,MONTOMANOOBRA) values(getdate(),79,38,40,400);
insert into ct_presupuesto(FECHAEMISIONPRESUPUESTO,IDCLIENTE,IDTECNICO,TIEMPOMANOOBRA,MONTOMANOOBRA) values(getdate(),86,39,50,670);
insert into ct_presupuesto(FECHAEMISIONPRESUPUESTO,IDCLIENTE,IDTECNICO,TIEMPOMANOOBRA,MONTOMANOOBRA) values(getdate(),94,40,60,940);
insert into ct_presupuesto(FECHAEMISIONPRESUPUESTO,IDCLIENTE,IDTECNICO,TIEMPOMANOOBRA,MONTOMANOOBRA) values(getdate(),95,40,70,1210);
insert into ct_presupuesto(FECHAEMISIONPRESUPUESTO,IDCLIENTE,IDTECNICO,TIEMPOMANOOBRA,MONTOMANOOBRA) values(getdate(),104,39,30,1480);
insert into ct_presupuesto(FECHAEMISIONPRESUPUESTO,IDCLIENTE,IDTECNICO,TIEMPOMANOOBRA,MONTOMANOOBRA) values(getdate(),107,38,40,1750);
insert into ct_presupuesto(FECHAEMISIONPRESUPUESTO,IDCLIENTE,IDTECNICO,TIEMPOMANOOBRA,MONTOMANOOBRA) values(getdate(),108,38,50,2020);
insert into ct_presupuesto(FECHAEMISIONPRESUPUESTO,IDCLIENTE,IDTECNICO,TIEMPOMANOOBRA,MONTOMANOOBRA) values(getdate(),109,38,60,2290);
insert into ct_presupuesto(FECHAEMISIONPRESUPUESTO,IDCLIENTE,IDTECNICO,TIEMPOMANOOBRA,MONTOMANOOBRA) values(getdate(),110,39,70,2560);
insert into ct_presupuesto(FECHAEMISIONPRESUPUESTO,IDCLIENTE,IDTECNICO,TIEMPOMANOOBRA,MONTOMANOOBRA) values(getdate(),111,38,30,2830);
insert into ct_presupuesto(FECHAEMISIONPRESUPUESTO,IDCLIENTE,IDTECNICO,TIEMPOMANOOBRA,MONTOMANOOBRA) values(getdate(),114,39,40,3100);
insert into ct_presupuesto(FECHAEMISIONPRESUPUESTO,IDCLIENTE,IDTECNICO,TIEMPOMANOOBRA,MONTOMANOOBRA) values(getdate(),123,39,50,3370);
insert into ct_presupuesto(FECHAEMISIONPRESUPUESTO,IDCLIENTE,IDTECNICO,TIEMPOMANOOBRA,MONTOMANOOBRA) values(getdate(),129,39,60,3640);
insert into ct_presupuesto(FECHAEMISIONPRESUPUESTO,IDCLIENTE,IDTECNICO,TIEMPOMANOOBRA,MONTOMANOOBRA) values(getdate(),25,40,70,3910);
insert into ct_presupuesto(FECHAEMISIONPRESUPUESTO,IDCLIENTE,IDTECNICO,TIEMPOMANOOBRA,MONTOMANOOBRA) values(getdate(),28,38,30,4180);
insert into ct_presupuesto(FECHAEMISIONPRESUPUESTO,IDCLIENTE,IDTECNICO,TIEMPOMANOOBRA,MONTOMANOOBRA) values(getdate(),29,39,40,4450);
insert into ct_presupuesto(FECHAEMISIONPRESUPUESTO,IDCLIENTE,IDTECNICO,TIEMPOMANOOBRA,MONTOMANOOBRA) values(getdate(),33,38,50,4720);
insert into ct_presupuesto(FECHAEMISIONPRESUPUESTO,IDCLIENTE,IDTECNICO,TIEMPOMANOOBRA,MONTOMANOOBRA) values(getdate(),48,38,60,4990);
insert into ct_presupuesto(FECHAEMISIONPRESUPUESTO,IDCLIENTE,IDTECNICO,TIEMPOMANOOBRA,MONTOMANOOBRA) values(getdate(),50,39,70,5260);
insert into ct_presupuesto(FECHAEMISIONPRESUPUESTO,IDCLIENTE,IDTECNICO,TIEMPOMANOOBRA,MONTOMANOOBRA) values(getdate(),54,39,30,5530);
insert into ct_presupuesto(FECHAEMISIONPRESUPUESTO,IDCLIENTE,IDTECNICO,TIEMPOMANOOBRA,MONTOMANOOBRA) values(getdate(),55,40,40,5800);
insert into ct_presupuesto(FECHAEMISIONPRESUPUESTO,IDCLIENTE,IDTECNICO,TIEMPOMANOOBRA,MONTOMANOOBRA) values(getdate(),59,39,50,6070);
insert into ct_presupuesto(FECHAEMISIONPRESUPUESTO,IDCLIENTE,IDTECNICO,TIEMPOMANOOBRA,MONTOMANOOBRA) values(getdate(),75,39,60,6340);
insert into ct_presupuesto(FECHAEMISIONPRESUPUESTO,IDCLIENTE,IDTECNICO,TIEMPOMANOOBRA,MONTOMANOOBRA) values(getdate(),76,38,70,6610);
insert into ct_presupuesto(FECHAEMISIONPRESUPUESTO,IDCLIENTE,IDTECNICO,TIEMPOMANOOBRA,MONTOMANOOBRA) values(getdate(),78,40,30,6880);
insert into ct_presupuesto(FECHAEMISIONPRESUPUESTO,IDCLIENTE,IDTECNICO,TIEMPOMANOOBRA,MONTOMANOOBRA) values(getdate(),89,39,40,7150);
insert into ct_presupuesto(FECHAEMISIONPRESUPUESTO,IDCLIENTE,IDTECNICO,TIEMPOMANOOBRA,MONTOMANOOBRA) values(getdate(),95,38,50,7420);
insert into ct_presupuesto(FECHAEMISIONPRESUPUESTO,IDCLIENTE,IDTECNICO,TIEMPOMANOOBRA,MONTOMANOOBRA) values(getdate(),99,39,60,7690);
insert into ct_presupuesto(FECHAEMISIONPRESUPUESTO,IDCLIENTE,IDTECNICO,TIEMPOMANOOBRA,MONTOMANOOBRA) values(getdate(),100,40,70,7960);
insert into ct_presupuesto(FECHAEMISIONPRESUPUESTO,IDCLIENTE,IDTECNICO,TIEMPOMANOOBRA,MONTOMANOOBRA) values(getdate(),102,40,30,8230);
insert into ct_presupuesto(FECHAEMISIONPRESUPUESTO,IDCLIENTE,IDTECNICO,TIEMPOMANOOBRA,MONTOMANOOBRA) values(getdate(),104,38,40,8500);
insert into ct_presupuesto(FECHAEMISIONPRESUPUESTO,IDCLIENTE,IDTECNICO,TIEMPOMANOOBRA,MONTOMANOOBRA) values(getdate(),105,38,50,8770);
insert into ct_presupuesto(FECHAEMISIONPRESUPUESTO,IDCLIENTE,IDTECNICO,TIEMPOMANOOBRA,MONTOMANOOBRA) values(getdate(),108,39,60,9040);
insert into ct_presupuesto(FECHAEMISIONPRESUPUESTO,IDCLIENTE,IDTECNICO,TIEMPOMANOOBRA,MONTOMANOOBRA) values(getdate(),8,38,70,9310);
insert into ct_presupuesto(FECHAEMISIONPRESUPUESTO,IDCLIENTE,IDTECNICO,TIEMPOMANOOBRA,MONTOMANOOBRA) values(getdate(),23,38,30,9580);
insert into ct_presupuesto(FECHAEMISIONPRESUPUESTO,IDCLIENTE,IDTECNICO,TIEMPOMANOOBRA,MONTOMANOOBRA) values(getdate(),29,38,40,9850);
insert into ct_presupuesto(FECHAEMISIONPRESUPUESTO,IDCLIENTE,IDTECNICO,TIEMPOMANOOBRA,MONTOMANOOBRA) values(getdate(),35,40,50,10120);
insert into ct_presupuesto(FECHAEMISIONPRESUPUESTO,IDCLIENTE,IDTECNICO,TIEMPOMANOOBRA,MONTOMANOOBRA) values(getdate(),42,38,60,10390);
insert into ct_presupuesto(FECHAEMISIONPRESUPUESTO,IDCLIENTE,IDTECNICO,TIEMPOMANOOBRA,MONTOMANOOBRA) values(getdate(),51,38,70,10660);
insert into ct_presupuesto(FECHAEMISIONPRESUPUESTO,IDCLIENTE,IDTECNICO,TIEMPOMANOOBRA,MONTOMANOOBRA) values(getdate(),53,38,30,10930);
insert into ct_presupuesto(FECHAEMISIONPRESUPUESTO,IDCLIENTE,IDTECNICO,TIEMPOMANOOBRA,MONTOMANOOBRA) values(getdate(),55,38,40,11200);
insert into ct_presupuesto(FECHAEMISIONPRESUPUESTO,IDCLIENTE,IDTECNICO,TIEMPOMANOOBRA,MONTOMANOOBRA) values(getdate(),61,39,50,11470);
insert into ct_presupuesto(FECHAEMISIONPRESUPUESTO,IDCLIENTE,IDTECNICO,TIEMPOMANOOBRA,MONTOMANOOBRA) values(getdate(),62,38,60,11740);
insert into ct_presupuesto(FECHAEMISIONPRESUPUESTO,IDCLIENTE,IDTECNICO,TIEMPOMANOOBRA,MONTOMANOOBRA) values(getdate(),72,38,70,12010);
insert into ct_presupuesto(FECHAEMISIONPRESUPUESTO,IDCLIENTE,IDTECNICO,TIEMPOMANOOBRA,MONTOMANOOBRA) values(getdate(),75,39,30,12280);
insert into ct_presupuesto(FECHAEMISIONPRESUPUESTO,IDCLIENTE,IDTECNICO,TIEMPOMANOOBRA,MONTOMANOOBRA) values(getdate(),78,38,40,12550);
insert into ct_presupuesto(FECHAEMISIONPRESUPUESTO,IDCLIENTE,IDTECNICO,TIEMPOMANOOBRA,MONTOMANOOBRA) values(getdate(),80,39,50,12820);
insert into ct_presupuesto(FECHAEMISIONPRESUPUESTO,IDCLIENTE,IDTECNICO,TIEMPOMANOOBRA,MONTOMANOOBRA) values(getdate(),81,40,60,13090);
insert into ct_presupuesto(FECHAEMISIONPRESUPUESTO,IDCLIENTE,IDTECNICO,TIEMPOMANOOBRA,MONTOMANOOBRA) values(getdate(),82,38,70,13360);
insert into ct_presupuesto(FECHAEMISIONPRESUPUESTO,IDCLIENTE,IDTECNICO,TIEMPOMANOOBRA,MONTOMANOOBRA) values(getdate(),125,38,30,1000);
insert into ct_presupuesto(FECHAEMISIONPRESUPUESTO,IDCLIENTE,IDTECNICO,TIEMPOMANOOBRA,MONTOMANOOBRA) values(getdate(),135,39,40,2000);
insert into ct_presupuesto(FECHAEMISIONPRESUPUESTO,IDCLIENTE,IDTECNICO,TIEMPOMANOOBRA,MONTOMANOOBRA) values(getdate(),139,38,50,5000);
insert into ct_presupuesto(FECHAEMISIONPRESUPUESTO,IDCLIENTE,IDTECNICO,TIEMPOMANOOBRA,MONTOMANOOBRA) values(getdate(),11,40,60,300);
insert into ct_presupuesto(FECHAEMISIONPRESUPUESTO,IDCLIENTE,IDTECNICO,TIEMPOMANOOBRA,MONTOMANOOBRA) values(getdate(),14,39,70,500);
insert into ct_presupuesto(FECHAEMISIONPRESUPUESTO,IDCLIENTE,IDTECNICO,TIEMPOMANOOBRA,MONTOMANOOBRA) values(getdate(),19,39,30,950);
insert into ct_presupuesto(FECHAEMISIONPRESUPUESTO,IDCLIENTE,IDTECNICO,TIEMPOMANOOBRA,MONTOMANOOBRA) values(getdate(),33,38,40,680);
insert into ct_presupuesto(FECHAEMISIONPRESUPUESTO,IDCLIENTE,IDTECNICO,TIEMPOMANOOBRA,MONTOMANOOBRA) values(getdate(),38,40,50,410);
insert into ct_presupuesto(FECHAEMISIONPRESUPUESTO,IDCLIENTE,IDTECNICO,TIEMPOMANOOBRA,MONTOMANOOBRA) values(getdate(),39,40,60,140);
insert into ct_presupuesto(FECHAEMISIONPRESUPUESTO,IDCLIENTE,IDTECNICO,TIEMPOMANOOBRA,MONTOMANOOBRA) values(getdate(),47,40,70,700);
insert into ct_presupuesto(FECHAEMISIONPRESUPUESTO,IDCLIENTE,IDTECNICO,TIEMPOMANOOBRA,MONTOMANOOBRA) values(getdate(),52,40,30,400);
insert into ct_presupuesto(FECHAEMISIONPRESUPUESTO,IDCLIENTE,IDTECNICO,TIEMPOMANOOBRA,MONTOMANOOBRA) values(getdate(),55,39,40,670);
insert into ct_presupuesto(FECHAEMISIONPRESUPUESTO,IDCLIENTE,IDTECNICO,TIEMPOMANOOBRA,MONTOMANOOBRA) values(getdate(),56,39,50,940);
insert into ct_presupuesto(FECHAEMISIONPRESUPUESTO,IDCLIENTE,IDTECNICO,TIEMPOMANOOBRA,MONTOMANOOBRA) values(getdate(),64,39,60,1210);
insert into ct_presupuesto(FECHAEMISIONPRESUPUESTO,IDCLIENTE,IDTECNICO,TIEMPOMANOOBRA,MONTOMANOOBRA) values(getdate(),70,38,70,1480);
insert into ct_presupuesto(FECHAEMISIONPRESUPUESTO,IDCLIENTE,IDTECNICO,TIEMPOMANOOBRA,MONTOMANOOBRA) values(getdate(),77,38,30,1750);
insert into ct_presupuesto(FECHAEMISIONPRESUPUESTO,IDCLIENTE,IDTECNICO,TIEMPOMANOOBRA,MONTOMANOOBRA) values(getdate(),87,39,40,2020);
insert into ct_presupuesto(FECHAEMISIONPRESUPUESTO,IDCLIENTE,IDTECNICO,TIEMPOMANOOBRA,MONTOMANOOBRA) values(getdate(),88,40,50,2290);
insert into ct_presupuesto(FECHAEMISIONPRESUPUESTO,IDCLIENTE,IDTECNICO,TIEMPOMANOOBRA,MONTOMANOOBRA) values(getdate(),89,39,60,2560);
insert into ct_presupuesto(FECHAEMISIONPRESUPUESTO,IDCLIENTE,IDTECNICO,TIEMPOMANOOBRA,MONTOMANOOBRA) values(getdate(),92,39,70,2830);
insert into ct_presupuesto(FECHAEMISIONPRESUPUESTO,IDCLIENTE,IDTECNICO,TIEMPOMANOOBRA,MONTOMANOOBRA) values(getdate(),102,40,30,3100);
insert into ct_presupuesto(FECHAEMISIONPRESUPUESTO,IDCLIENTE,IDTECNICO,TIEMPOMANOOBRA,MONTOMANOOBRA) values(getdate(),103,40,40,3370);
insert into ct_presupuesto(FECHAEMISIONPRESUPUESTO,IDCLIENTE,IDTECNICO,TIEMPOMANOOBRA,MONTOMANOOBRA) values(getdate(),106,39,50,3640);
insert into ct_presupuesto(FECHAEMISIONPRESUPUESTO,IDCLIENTE,IDTECNICO,TIEMPOMANOOBRA,MONTOMANOOBRA) values(getdate(),112,40,60,3910);
insert into ct_presupuesto(FECHAEMISIONPRESUPUESTO,IDCLIENTE,IDTECNICO,TIEMPOMANOOBRA,MONTOMANOOBRA) values(getdate(),113,38,70,4180);
insert into ct_presupuesto(FECHAEMISIONPRESUPUESTO,IDCLIENTE,IDTECNICO,TIEMPOMANOOBRA,MONTOMANOOBRA) values(getdate(),118,40,30,4450);
insert into ct_presupuesto(FECHAEMISIONPRESUPUESTO,IDCLIENTE,IDTECNICO,TIEMPOMANOOBRA,MONTOMANOOBRA) values(getdate(),120,39,40,4720);
insert into ct_presupuesto(FECHAEMISIONPRESUPUESTO,IDCLIENTE,IDTECNICO,TIEMPOMANOOBRA,MONTOMANOOBRA) values(getdate(),125,39,50,4990);
insert into ct_presupuesto(FECHAEMISIONPRESUPUESTO,IDCLIENTE,IDTECNICO,TIEMPOMANOOBRA,MONTOMANOOBRA) values(getdate(),126,38,60,5260);
insert into ct_presupuesto(FECHAEMISIONPRESUPUESTO,IDCLIENTE,IDTECNICO,TIEMPOMANOOBRA,MONTOMANOOBRA) values(getdate(),132,40,70,5530);
insert into ct_presupuesto(FECHAEMISIONPRESUPUESTO,IDCLIENTE,IDTECNICO,TIEMPOMANOOBRA,MONTOMANOOBRA) values(getdate(),135,40,30,5800);
insert into ct_presupuesto(FECHAEMISIONPRESUPUESTO,IDCLIENTE,IDTECNICO,TIEMPOMANOOBRA,MONTOMANOOBRA) values(getdate(),136,39,40,6070);
insert into ct_presupuesto(FECHAEMISIONPRESUPUESTO,IDCLIENTE,IDTECNICO,TIEMPOMANOOBRA,MONTOMANOOBRA) values(getdate(),1,38,50,6340);
insert into ct_presupuesto(FECHAEMISIONPRESUPUESTO,IDCLIENTE,IDTECNICO,TIEMPOMANOOBRA,MONTOMANOOBRA) values(getdate(),2,38,60,6610);
insert into ct_presupuesto(FECHAEMISIONPRESUPUESTO,IDCLIENTE,IDTECNICO,TIEMPOMANOOBRA,MONTOMANOOBRA) values(getdate(),3,38,70,6880);
insert into ct_presupuesto(FECHAEMISIONPRESUPUESTO,IDCLIENTE,IDTECNICO,TIEMPOMANOOBRA,MONTOMANOOBRA) values(getdate(),7,39,30,7150);
insert into ct_presupuesto(FECHAEMISIONPRESUPUESTO,IDCLIENTE,IDTECNICO,TIEMPOMANOOBRA,MONTOMANOOBRA) values(getdate(),12,40,40,7420);
insert into ct_presupuesto(FECHAEMISIONPRESUPUESTO,IDCLIENTE,IDTECNICO,TIEMPOMANOOBRA,MONTOMANOOBRA) values(getdate(),13,38,50,7690);
insert into ct_presupuesto(FECHAEMISIONPRESUPUESTO,IDCLIENTE,IDTECNICO,TIEMPOMANOOBRA,MONTOMANOOBRA) values(getdate(),14,40,60,7960);
insert into ct_presupuesto(FECHAEMISIONPRESUPUESTO,IDCLIENTE,IDTECNICO,TIEMPOMANOOBRA,MONTOMANOOBRA) values(getdate(),19,39,70,8230);
insert into ct_presupuesto(FECHAEMISIONPRESUPUESTO,IDCLIENTE,IDTECNICO,TIEMPOMANOOBRA,MONTOMANOOBRA) values(getdate(),20,40,30,8500);
insert into ct_presupuesto(FECHAEMISIONPRESUPUESTO,IDCLIENTE,IDTECNICO,TIEMPOMANOOBRA,MONTOMANOOBRA) values(getdate(),32,39,40,8770);
insert into ct_presupuesto(FECHAEMISIONPRESUPUESTO,IDCLIENTE,IDTECNICO,TIEMPOMANOOBRA,MONTOMANOOBRA) values(getdate(),34,40,50,9040);
insert into ct_presupuesto(FECHAEMISIONPRESUPUESTO,IDCLIENTE,IDTECNICO,TIEMPOMANOOBRA,MONTOMANOOBRA) values(getdate(),38,39,60,9310);
insert into ct_presupuesto(FECHAEMISIONPRESUPUESTO,IDCLIENTE,IDTECNICO,TIEMPOMANOOBRA,MONTOMANOOBRA) values(getdate(),45,40,70,9580);
insert into ct_presupuesto(FECHAEMISIONPRESUPUESTO,IDCLIENTE,IDTECNICO,TIEMPOMANOOBRA,MONTOMANOOBRA) values(getdate(),56,38,30,9850);
insert into ct_presupuesto(FECHAEMISIONPRESUPUESTO,IDCLIENTE,IDTECNICO,TIEMPOMANOOBRA,MONTOMANOOBRA) values(getdate(),68,40,40,10120);
insert into ct_presupuesto(FECHAEMISIONPRESUPUESTO,IDCLIENTE,IDTECNICO,TIEMPOMANOOBRA,MONTOMANOOBRA) values(getdate(),85,38,50,10390);
insert into ct_presupuesto(FECHAEMISIONPRESUPUESTO,IDCLIENTE,IDTECNICO,TIEMPOMANOOBRA,MONTOMANOOBRA) values(getdate(),90,40,60,10660);
insert into ct_presupuesto(FECHAEMISIONPRESUPUESTO,IDCLIENTE,IDTECNICO,TIEMPOMANOOBRA,MONTOMANOOBRA) values(getdate(),91,38,70,10930);
insert into ct_presupuesto(FECHAEMISIONPRESUPUESTO,IDCLIENTE,IDTECNICO,TIEMPOMANOOBRA,MONTOMANOOBRA) values(getdate(),97,38,30,11200);
insert into ct_presupuesto(FECHAEMISIONPRESUPUESTO,IDCLIENTE,IDTECNICO,TIEMPOMANOOBRA,MONTOMANOOBRA) values(getdate(),106,40,40,11470);
insert into ct_presupuesto(FECHAEMISIONPRESUPUESTO,IDCLIENTE,IDTECNICO,TIEMPOMANOOBRA,MONTOMANOOBRA) values(getdate(),107,39,50,11740);
insert into ct_presupuesto(FECHAEMISIONPRESUPUESTO,IDCLIENTE,IDTECNICO,TIEMPOMANOOBRA,MONTOMANOOBRA) values(getdate(),5,39,60,12010);
insert into ct_presupuesto(FECHAEMISIONPRESUPUESTO,IDCLIENTE,IDTECNICO,TIEMPOMANOOBRA,MONTOMANOOBRA) values(getdate(),9,40,70,12280);
insert into ct_presupuesto(FECHAEMISIONPRESUPUESTO,IDCLIENTE,IDTECNICO,TIEMPOMANOOBRA,MONTOMANOOBRA) values(getdate(),16,38,30,1000);
insert into ct_presupuesto(FECHAEMISIONPRESUPUESTO,IDCLIENTE,IDTECNICO,TIEMPOMANOOBRA,MONTOMANOOBRA) values(getdate(),19,39,40,2000);
insert into ct_presupuesto(FECHAEMISIONPRESUPUESTO,IDCLIENTE,IDTECNICO,TIEMPOMANOOBRA,MONTOMANOOBRA) values(getdate(),25,38,50,5000);
insert into ct_presupuesto(FECHAEMISIONPRESUPUESTO,IDCLIENTE,IDTECNICO,TIEMPOMANOOBRA,MONTOMANOOBRA) values(getdate(),33,40,60,300);
insert into ct_presupuesto(FECHAEMISIONPRESUPUESTO,IDCLIENTE,IDTECNICO,TIEMPOMANOOBRA,MONTOMANOOBRA) values(getdate(),41,39,70,500);
insert into ct_presupuesto(FECHAEMISIONPRESUPUESTO,IDCLIENTE,IDTECNICO,TIEMPOMANOOBRA,MONTOMANOOBRA) values(getdate(),43,38,30,950);
insert into ct_presupuesto(FECHAEMISIONPRESUPUESTO,IDCLIENTE,IDTECNICO,TIEMPOMANOOBRA,MONTOMANOOBRA) values(getdate(),45,40,40,680);
insert into ct_presupuesto(FECHAEMISIONPRESUPUESTO,IDCLIENTE,IDTECNICO,TIEMPOMANOOBRA,MONTOMANOOBRA) values(getdate(),54,38,50,410);
insert into ct_presupuesto(FECHAEMISIONPRESUPUESTO,IDCLIENTE,IDTECNICO,TIEMPOMANOOBRA,MONTOMANOOBRA) values(getdate(),56,40,60,140);
insert into ct_presupuesto(FECHAEMISIONPRESUPUESTO,IDCLIENTE,IDTECNICO,TIEMPOMANOOBRA,MONTOMANOOBRA) values(getdate(),66,39,70,700);
insert into ct_presupuesto(FECHAEMISIONPRESUPUESTO,IDCLIENTE,IDTECNICO,TIEMPOMANOOBRA,MONTOMANOOBRA) values(getdate(),67,39,30,400);
insert into ct_presupuesto(FECHAEMISIONPRESUPUESTO,IDCLIENTE,IDTECNICO,TIEMPOMANOOBRA,MONTOMANOOBRA) values(getdate(),73,40,40,670);
insert into ct_presupuesto(FECHAEMISIONPRESUPUESTO,IDCLIENTE,IDTECNICO,TIEMPOMANOOBRA,MONTOMANOOBRA) values(getdate(),84,38,50,940);
insert into ct_presupuesto(FECHAEMISIONPRESUPUESTO,IDCLIENTE,IDTECNICO,TIEMPOMANOOBRA,MONTOMANOOBRA) values(getdate(),86,40,60,1210);
insert into ct_presupuesto(FECHAEMISIONPRESUPUESTO,IDCLIENTE,IDTECNICO,TIEMPOMANOOBRA,MONTOMANOOBRA) values(getdate(),87,39,70,1480);
insert into ct_presupuesto(FECHAEMISIONPRESUPUESTO,IDCLIENTE,IDTECNICO,TIEMPOMANOOBRA,MONTOMANOOBRA) values(getdate(),90,39,30,1750);
insert into ct_presupuesto(FECHAEMISIONPRESUPUESTO,IDCLIENTE,IDTECNICO,TIEMPOMANOOBRA,MONTOMANOOBRA) values(getdate(),92,40,40,2020);
insert into ct_presupuesto(FECHAEMISIONPRESUPUESTO,IDCLIENTE,IDTECNICO,TIEMPOMANOOBRA,MONTOMANOOBRA) values(getdate(),94,38,50,2290);
insert into ct_presupuesto(FECHAEMISIONPRESUPUESTO,IDCLIENTE,IDTECNICO,TIEMPOMANOOBRA,MONTOMANOOBRA) values(getdate(),95,38,60,2560);
insert into ct_presupuesto(FECHAEMISIONPRESUPUESTO,IDCLIENTE,IDTECNICO,TIEMPOMANOOBRA,MONTOMANOOBRA) values(getdate(),100,38,70,2830);
insert into ct_presupuesto(FECHAEMISIONPRESUPUESTO,IDCLIENTE,IDTECNICO,TIEMPOMANOOBRA,MONTOMANOOBRA) values(getdate(),102,39,30,3100);
insert into ct_presupuesto(FECHAEMISIONPRESUPUESTO,IDCLIENTE,IDTECNICO,TIEMPOMANOOBRA,MONTOMANOOBRA) values(getdate(),107,39,40,3370);
insert into ct_presupuesto(FECHAEMISIONPRESUPUESTO,IDCLIENTE,IDTECNICO,TIEMPOMANOOBRA,MONTOMANOOBRA) values(getdate(),119,40,50,3640);
insert into ct_presupuesto(FECHAEMISIONPRESUPUESTO,IDCLIENTE,IDTECNICO,TIEMPOMANOOBRA,MONTOMANOOBRA) values(getdate(),128,40,60,3910);
insert into ct_presupuesto(FECHAEMISIONPRESUPUESTO,IDCLIENTE,IDTECNICO,TIEMPOMANOOBRA,MONTOMANOOBRA) values(getdate(),136,39,70,4180);
insert into ct_presupuesto(FECHAEMISIONPRESUPUESTO,IDCLIENTE,IDTECNICO,TIEMPOMANOOBRA,MONTOMANOOBRA) values(getdate(),1,38,30,4450);
insert into ct_presupuesto(FECHAEMISIONPRESUPUESTO,IDCLIENTE,IDTECNICO,TIEMPOMANOOBRA,MONTOMANOOBRA) values(getdate(),6,39,40,4720);
insert into ct_presupuesto(FECHAEMISIONPRESUPUESTO,IDCLIENTE,IDTECNICO,TIEMPOMANOOBRA,MONTOMANOOBRA) values(getdate(),16,38,50,4990);
insert into ct_presupuesto(FECHAEMISIONPRESUPUESTO,IDCLIENTE,IDTECNICO,TIEMPOMANOOBRA,MONTOMANOOBRA) values(getdate(),22,40,60,5260);
insert into ct_presupuesto(FECHAEMISIONPRESUPUESTO,IDCLIENTE,IDTECNICO,TIEMPOMANOOBRA,MONTOMANOOBRA) values(getdate(),23,40,70,5530);
insert into ct_presupuesto(FECHAEMISIONPRESUPUESTO,IDCLIENTE,IDTECNICO,TIEMPOMANOOBRA,MONTOMANOOBRA) values(getdate(),25,40,30,5800);
insert into ct_presupuesto(FECHAEMISIONPRESUPUESTO,IDCLIENTE,IDTECNICO,TIEMPOMANOOBRA,MONTOMANOOBRA) values(getdate(),28,40,40,6070);
insert into ct_presupuesto(FECHAEMISIONPRESUPUESTO,IDCLIENTE,IDTECNICO,TIEMPOMANOOBRA,MONTOMANOOBRA) values(getdate(),32,39,50,6340);
insert into ct_presupuesto(FECHAEMISIONPRESUPUESTO,IDCLIENTE,IDTECNICO,TIEMPOMANOOBRA,MONTOMANOOBRA) values(getdate(),34,40,60,6610);
insert into ct_presupuesto(FECHAEMISIONPRESUPUESTO,IDCLIENTE,IDTECNICO,TIEMPOMANOOBRA,MONTOMANOOBRA) values(getdate(),41,39,70,6880);
insert into ct_presupuesto(FECHAEMISIONPRESUPUESTO,IDCLIENTE,IDTECNICO,TIEMPOMANOOBRA,MONTOMANOOBRA) values(getdate(),45,38,30,7150);
insert into ct_presupuesto(FECHAEMISIONPRESUPUESTO,IDCLIENTE,IDTECNICO,TIEMPOMANOOBRA,MONTOMANOOBRA) values(getdate(),49,40,40,7420);
insert into ct_presupuesto(FECHAEMISIONPRESUPUESTO,IDCLIENTE,IDTECNICO,TIEMPOMANOOBRA,MONTOMANOOBRA) values(getdate(),65,40,50,7690);
insert into ct_presupuesto(FECHAEMISIONPRESUPUESTO,IDCLIENTE,IDTECNICO,TIEMPOMANOOBRA,MONTOMANOOBRA) values(getdate(),67,40,60,7960);
insert into ct_presupuesto(FECHAEMISIONPRESUPUESTO,IDCLIENTE,IDTECNICO,TIEMPOMANOOBRA,MONTOMANOOBRA) values(getdate(),71,39,70,8230);
insert into ct_presupuesto(FECHAEMISIONPRESUPUESTO,IDCLIENTE,IDTECNICO,TIEMPOMANOOBRA,MONTOMANOOBRA) values(getdate(),91,39,30,8500);
insert into ct_presupuesto(FECHAEMISIONPRESUPUESTO,IDCLIENTE,IDTECNICO,TIEMPOMANOOBRA,MONTOMANOOBRA) values(getdate(),97,38,40,8770);
insert into ct_presupuesto(FECHAEMISIONPRESUPUESTO,IDCLIENTE,IDTECNICO,TIEMPOMANOOBRA,MONTOMANOOBRA) values(getdate(),99,39,50,9040);
insert into ct_presupuesto(FECHAEMISIONPRESUPUESTO,IDCLIENTE,IDTECNICO,TIEMPOMANOOBRA,MONTOMANOOBRA) values(getdate(),100,40,60,9310);
insert into ct_presupuesto(FECHAEMISIONPRESUPUESTO,IDCLIENTE,IDTECNICO,TIEMPOMANOOBRA,MONTOMANOOBRA) values(getdate(),101,38,70,9580);
insert into ct_presupuesto(FECHAEMISIONPRESUPUESTO,IDCLIENTE,IDTECNICO,TIEMPOMANOOBRA,MONTOMANOOBRA) values(getdate(),117,39,30,9850);
insert into ct_presupuesto(FECHAEMISIONPRESUPUESTO,IDCLIENTE,IDTECNICO,TIEMPOMANOOBRA,MONTOMANOOBRA) values(getdate(),121,40,40,10120);
insert into ct_presupuesto(FECHAEMISIONPRESUPUESTO,IDCLIENTE,IDTECNICO,TIEMPOMANOOBRA,MONTOMANOOBRA) values(getdate(),124,40,50,10390);
insert into ct_presupuesto(FECHAEMISIONPRESUPUESTO,IDCLIENTE,IDTECNICO,TIEMPOMANOOBRA,MONTOMANOOBRA) values(getdate(),131,40,60,10660);
insert into ct_presupuesto(FECHAEMISIONPRESUPUESTO,IDCLIENTE,IDTECNICO,TIEMPOMANOOBRA,MONTOMANOOBRA) values(getdate(),139,38,70,10930);
insert into ct_presupuesto(FECHAEMISIONPRESUPUESTO,IDCLIENTE,IDTECNICO,TIEMPOMANOOBRA,MONTOMANOOBRA) values(getdate(),6,39,30,11200);
insert into ct_presupuesto(FECHAEMISIONPRESUPUESTO,IDCLIENTE,IDTECNICO,TIEMPOMANOOBRA,MONTOMANOOBRA) values(getdate(),8,39,40,11470);
insert into ct_presupuesto(FECHAEMISIONPRESUPUESTO,IDCLIENTE,IDTECNICO,TIEMPOMANOOBRA,MONTOMANOOBRA) values(getdate(),18,39,50,11740);
insert into ct_presupuesto(FECHAEMISIONPRESUPUESTO,IDCLIENTE,IDTECNICO,TIEMPOMANOOBRA,MONTOMANOOBRA) values(getdate(),23,40,60,12010);
insert into ct_presupuesto(FECHAEMISIONPRESUPUESTO,IDCLIENTE,IDTECNICO,TIEMPOMANOOBRA,MONTOMANOOBRA) values(getdate(),27,40,70,12280);
insert into ct_presupuesto(FECHAEMISIONPRESUPUESTO,IDCLIENTE,IDTECNICO,TIEMPOMANOOBRA,MONTOMANOOBRA) values(getdate(),35,38,30,12550);
insert into ct_presupuesto(FECHAEMISIONPRESUPUESTO,IDCLIENTE,IDTECNICO,TIEMPOMANOOBRA,MONTOMANOOBRA) values(getdate(),37,39,40,12820);
insert into ct_presupuesto(FECHAEMISIONPRESUPUESTO,IDCLIENTE,IDTECNICO,TIEMPOMANOOBRA,MONTOMANOOBRA) values(getdate(),41,39,50,13090);
insert into ct_presupuesto(FECHAEMISIONPRESUPUESTO,IDCLIENTE,IDTECNICO,TIEMPOMANOOBRA,MONTOMANOOBRA) values(getdate(),46,38,60,1000);
insert into ct_presupuesto(FECHAEMISIONPRESUPUESTO,IDCLIENTE,IDTECNICO,TIEMPOMANOOBRA,MONTOMANOOBRA) values(getdate(),51,40,70,2000);
insert into ct_presupuesto(FECHAEMISIONPRESUPUESTO,IDCLIENTE,IDTECNICO,TIEMPOMANOOBRA,MONTOMANOOBRA) values(getdate(),52,40,30,5000);
insert into ct_presupuesto(FECHAEMISIONPRESUPUESTO,IDCLIENTE,IDTECNICO,TIEMPOMANOOBRA,MONTOMANOOBRA) values(getdate(),65,38,40,300);
insert into ct_presupuesto(FECHAEMISIONPRESUPUESTO,IDCLIENTE,IDTECNICO,TIEMPOMANOOBRA,MONTOMANOOBRA) values(getdate(),66,39,50,500);
insert into ct_presupuesto(FECHAEMISIONPRESUPUESTO,IDCLIENTE,IDTECNICO,TIEMPOMANOOBRA,MONTOMANOOBRA) values(getdate(),70,38,60,950);
insert into ct_presupuesto(FECHAEMISIONPRESUPUESTO,IDCLIENTE,IDTECNICO,TIEMPOMANOOBRA,MONTOMANOOBRA) values(getdate(),74,40,70,680);
insert into ct_presupuesto(FECHAEMISIONPRESUPUESTO,IDCLIENTE,IDTECNICO,TIEMPOMANOOBRA,MONTOMANOOBRA) values(getdate(),84,40,30,410);
insert into ct_presupuesto(FECHAEMISIONPRESUPUESTO,IDCLIENTE,IDTECNICO,TIEMPOMANOOBRA,MONTOMANOOBRA) values(getdate(),92,40,40,140);
insert into ct_presupuesto(FECHAEMISIONPRESUPUESTO,IDCLIENTE,IDTECNICO,TIEMPOMANOOBRA,MONTOMANOOBRA) values(getdate(),94,39,50,700);
insert into ct_presupuesto(FECHAEMISIONPRESUPUESTO,IDCLIENTE,IDTECNICO,TIEMPOMANOOBRA,MONTOMANOOBRA) values(getdate(),98,40,60,400);
insert into ct_presupuesto(FECHAEMISIONPRESUPUESTO,IDCLIENTE,IDTECNICO,TIEMPOMANOOBRA,MONTOMANOOBRA) values(getdate(),101,40,70,670);
insert into ct_presupuesto(FECHAEMISIONPRESUPUESTO,IDCLIENTE,IDTECNICO,TIEMPOMANOOBRA,MONTOMANOOBRA) values(getdate(),110,38,30,940);
insert into ct_presupuesto(FECHAEMISIONPRESUPUESTO,IDCLIENTE,IDTECNICO,TIEMPOMANOOBRA,MONTOMANOOBRA) values(getdate(),11,38,40,1210);
insert into ct_presupuesto(FECHAEMISIONPRESUPUESTO,IDCLIENTE,IDTECNICO,TIEMPOMANOOBRA,MONTOMANOOBRA) values(getdate(),13,39,50,1480);
insert into ct_presupuesto(FECHAEMISIONPRESUPUESTO,IDCLIENTE,IDTECNICO,TIEMPOMANOOBRA,MONTOMANOOBRA) values(getdate(),17,40,60,1750);
insert into ct_presupuesto(FECHAEMISIONPRESUPUESTO,IDCLIENTE,IDTECNICO,TIEMPOMANOOBRA,MONTOMANOOBRA) values(getdate(),24,40,70,2020);
insert into ct_presupuesto(FECHAEMISIONPRESUPUESTO,IDCLIENTE,IDTECNICO,TIEMPOMANOOBRA,MONTOMANOOBRA) values(getdate(),26,38,30,2290);
insert into ct_presupuesto(FECHAEMISIONPRESUPUESTO,IDCLIENTE,IDTECNICO,TIEMPOMANOOBRA,MONTOMANOOBRA) values(getdate(),28,39,40,2560);
insert into ct_presupuesto(FECHAEMISIONPRESUPUESTO,IDCLIENTE,IDTECNICO,TIEMPOMANOOBRA,MONTOMANOOBRA) values(getdate(),32,38,50,2830);
insert into ct_presupuesto(FECHAEMISIONPRESUPUESTO,IDCLIENTE,IDTECNICO,TIEMPOMANOOBRA,MONTOMANOOBRA) values(getdate(),38,39,60,3100);
insert into ct_presupuesto(FECHAEMISIONPRESUPUESTO,IDCLIENTE,IDTECNICO,TIEMPOMANOOBRA,MONTOMANOOBRA) values(getdate(),39,39,70,3370);
insert into ct_presupuesto(FECHAEMISIONPRESUPUESTO,IDCLIENTE,IDTECNICO,TIEMPOMANOOBRA,MONTOMANOOBRA) values(getdate(),46,39,30,3640);
insert into ct_presupuesto(FECHAEMISIONPRESUPUESTO,IDCLIENTE,IDTECNICO,TIEMPOMANOOBRA,MONTOMANOOBRA) values(getdate(),47,39,40,3910);
insert into ct_presupuesto(FECHAEMISIONPRESUPUESTO,IDCLIENTE,IDTECNICO,TIEMPOMANOOBRA,MONTOMANOOBRA) values(getdate(),48,40,50,4180);
insert into ct_presupuesto(FECHAEMISIONPRESUPUESTO,IDCLIENTE,IDTECNICO,TIEMPOMANOOBRA,MONTOMANOOBRA) values(getdate(),49,40,60,4450);
insert into ct_presupuesto(FECHAEMISIONPRESUPUESTO,IDCLIENTE,IDTECNICO,TIEMPOMANOOBRA,MONTOMANOOBRA) values(getdate(),50,38,70,4720);
insert into ct_presupuesto(FECHAEMISIONPRESUPUESTO,IDCLIENTE,IDTECNICO,TIEMPOMANOOBRA,MONTOMANOOBRA) values(getdate(),64,39,30,4990);
insert into ct_presupuesto(FECHAEMISIONPRESUPUESTO,IDCLIENTE,IDTECNICO,TIEMPOMANOOBRA,MONTOMANOOBRA) values(getdate(),69,40,40,5260);
insert into ct_presupuesto(FECHAEMISIONPRESUPUESTO,IDCLIENTE,IDTECNICO,TIEMPOMANOOBRA,MONTOMANOOBRA) values(getdate(),71,39,50,5530);
insert into ct_presupuesto(FECHAEMISIONPRESUPUESTO,IDCLIENTE,IDTECNICO,TIEMPOMANOOBRA,MONTOMANOOBRA) values(getdate(),79,38,60,5800);
insert into ct_presupuesto(FECHAEMISIONPRESUPUESTO,IDCLIENTE,IDTECNICO,TIEMPOMANOOBRA,MONTOMANOOBRA) values(getdate(),83,39,70,6070);
insert into ct_presupuesto(FECHAEMISIONPRESUPUESTO,IDCLIENTE,IDTECNICO,TIEMPOMANOOBRA,MONTOMANOOBRA) values(getdate(),85,39,30,6340);
insert into ct_presupuesto(FECHAEMISIONPRESUPUESTO,IDCLIENTE,IDTECNICO,TIEMPOMANOOBRA,MONTOMANOOBRA) values(getdate(),88,38,40,6610);
insert into ct_presupuesto(FECHAEMISIONPRESUPUESTO,IDCLIENTE,IDTECNICO,TIEMPOMANOOBRA,MONTOMANOOBRA) values(getdate(),98,39,50,6880);
insert into ct_presupuesto(FECHAEMISIONPRESUPUESTO,IDCLIENTE,IDTECNICO,TIEMPOMANOOBRA,MONTOMANOOBRA) values(getdate(),101,40,60,7150);
insert into ct_presupuesto(FECHAEMISIONPRESUPUESTO,IDCLIENTE,IDTECNICO,TIEMPOMANOOBRA,MONTOMANOOBRA) values(getdate(),113,40,70,7420);
insert into ct_presupuesto(FECHAEMISIONPRESUPUESTO,IDCLIENTE,IDTECNICO,TIEMPOMANOOBRA,MONTOMANOOBRA) values(getdate(),114,39,30,7690);
insert into ct_presupuesto(FECHAEMISIONPRESUPUESTO,IDCLIENTE,IDTECNICO,TIEMPOMANOOBRA,MONTOMANOOBRA) values(getdate(),115,39,40,7960);
insert into ct_presupuesto(FECHAEMISIONPRESUPUESTO,IDCLIENTE,IDTECNICO,TIEMPOMANOOBRA,MONTOMANOOBRA) values(getdate(),116,38,50,8230);
insert into ct_presupuesto(FECHAEMISIONPRESUPUESTO,IDCLIENTE,IDTECNICO,TIEMPOMANOOBRA,MONTOMANOOBRA) values(getdate(),118,38,60,8500);
insert into ct_presupuesto(FECHAEMISIONPRESUPUESTO,IDCLIENTE,IDTECNICO,TIEMPOMANOOBRA,MONTOMANOOBRA) values(getdate(),120,39,70,8770);
insert into ct_presupuesto(FECHAEMISIONPRESUPUESTO,IDCLIENTE,IDTECNICO,TIEMPOMANOOBRA,MONTOMANOOBRA) values(getdate(),124,38,30,9040);
insert into ct_presupuesto(FECHAEMISIONPRESUPUESTO,IDCLIENTE,IDTECNICO,TIEMPOMANOOBRA,MONTOMANOOBRA) values(getdate(),127,39,40,9310);
insert into ct_presupuesto(FECHAEMISIONPRESUPUESTO,IDCLIENTE,IDTECNICO,TIEMPOMANOOBRA,MONTOMANOOBRA) values(getdate(),129,40,50,9580);
insert into ct_presupuesto(FECHAEMISIONPRESUPUESTO,IDCLIENTE,IDTECNICO,TIEMPOMANOOBRA,MONTOMANOOBRA) values(getdate(),130,38,60,9850);
insert into ct_presupuesto(FECHAEMISIONPRESUPUESTO,IDCLIENTE,IDTECNICO,TIEMPOMANOOBRA,MONTOMANOOBRA) values(getdate(),131,39,70,10120);
insert into ct_presupuesto(FECHAEMISIONPRESUPUESTO,IDCLIENTE,IDTECNICO,TIEMPOMANOOBRA,MONTOMANOOBRA) values(getdate(),2,38,30,10390);
insert into ct_presupuesto(FECHAEMISIONPRESUPUESTO,IDCLIENTE,IDTECNICO,TIEMPOMANOOBRA,MONTOMANOOBRA) values(getdate(),9,40,40,10660);
insert into ct_presupuesto(FECHAEMISIONPRESUPUESTO,IDCLIENTE,IDTECNICO,TIEMPOMANOOBRA,MONTOMANOOBRA) values(getdate(),12,38,50,10930);
insert into ct_presupuesto(FECHAEMISIONPRESUPUESTO,IDCLIENTE,IDTECNICO,TIEMPOMANOOBRA,MONTOMANOOBRA) values(getdate(),20,39,60,11200);
insert into ct_presupuesto(FECHAEMISIONPRESUPUESTO,IDCLIENTE,IDTECNICO,TIEMPOMANOOBRA,MONTOMANOOBRA) values(getdate(),21,40,70,11470);
insert into ct_presupuesto(FECHAEMISIONPRESUPUESTO,IDCLIENTE,IDTECNICO,TIEMPOMANOOBRA,MONTOMANOOBRA) values(getdate(),24,38,30,11740);
insert into ct_presupuesto(FECHAEMISIONPRESUPUESTO,IDCLIENTE,IDTECNICO,TIEMPOMANOOBRA,MONTOMANOOBRA) values(getdate(),29,38,40,12010);
insert into ct_presupuesto(FECHAEMISIONPRESUPUESTO,IDCLIENTE,IDTECNICO,TIEMPOMANOOBRA,MONTOMANOOBRA) values(getdate(),30,38,50,12280);
insert into ct_presupuesto(FECHAEMISIONPRESUPUESTO,IDCLIENTE,IDTECNICO,TIEMPOMANOOBRA,MONTOMANOOBRA) values(getdate(),31,39,60,12550);
insert into ct_presupuesto(FECHAEMISIONPRESUPUESTO,IDCLIENTE,IDTECNICO,TIEMPOMANOOBRA,MONTOMANOOBRA) values(getdate(),36,38,70,12820);
insert into ct_presupuesto(FECHAEMISIONPRESUPUESTO,IDCLIENTE,IDTECNICO,TIEMPOMANOOBRA,MONTOMANOOBRA) values(getdate(),37,40,30,13090);
insert into ct_presupuesto(FECHAEMISIONPRESUPUESTO,IDCLIENTE,IDTECNICO,TIEMPOMANOOBRA,MONTOMANOOBRA) values(getdate(),43,38,40,13360);
insert into ct_presupuesto(FECHAEMISIONPRESUPUESTO,IDCLIENTE,IDTECNICO,TIEMPOMANOOBRA,MONTOMANOOBRA) values(getdate(),44,38,50,13630);
insert into ct_presupuesto(FECHAEMISIONPRESUPUESTO,IDCLIENTE,IDTECNICO,TIEMPOMANOOBRA,MONTOMANOOBRA) values(getdate(),46,39,60,1000);
insert into ct_presupuesto(FECHAEMISIONPRESUPUESTO,IDCLIENTE,IDTECNICO,TIEMPOMANOOBRA,MONTOMANOOBRA) values(getdate(),50,38,70,2000);
insert into ct_presupuesto(FECHAEMISIONPRESUPUESTO,IDCLIENTE,IDTECNICO,TIEMPOMANOOBRA,MONTOMANOOBRA) values(getdate(),59,39,30,5000);
insert into ct_presupuesto(FECHAEMISIONPRESUPUESTO,IDCLIENTE,IDTECNICO,TIEMPOMANOOBRA,MONTOMANOOBRA) values(getdate(),62,40,40,300);
insert into ct_presupuesto(FECHAEMISIONPRESUPUESTO,IDCLIENTE,IDTECNICO,TIEMPOMANOOBRA,MONTOMANOOBRA) values(getdate(),68,39,50,500);
insert into ct_presupuesto(FECHAEMISIONPRESUPUESTO,IDCLIENTE,IDTECNICO,TIEMPOMANOOBRA,MONTOMANOOBRA) values(getdate(),75,38,60,950);
insert into ct_presupuesto(FECHAEMISIONPRESUPUESTO,IDCLIENTE,IDTECNICO,TIEMPOMANOOBRA,MONTOMANOOBRA) values(getdate(),76,40,70,680);
insert into ct_presupuesto(FECHAEMISIONPRESUPUESTO,IDCLIENTE,IDTECNICO,TIEMPOMANOOBRA,MONTOMANOOBRA) values(getdate(),80,39,30,410);
insert into ct_presupuesto(FECHAEMISIONPRESUPUESTO,IDCLIENTE,IDTECNICO,TIEMPOMANOOBRA,MONTOMANOOBRA) values(getdate(),82,39,40,140);
insert into ct_presupuesto(FECHAEMISIONPRESUPUESTO,IDCLIENTE,IDTECNICO,TIEMPOMANOOBRA,MONTOMANOOBRA) values(getdate(),116,40,50,700);
insert into ct_presupuesto(FECHAEMISIONPRESUPUESTO,IDCLIENTE,IDTECNICO,TIEMPOMANOOBRA,MONTOMANOOBRA) values(getdate(),119,39,60,400);
insert into ct_presupuesto(FECHAEMISIONPRESUPUESTO,IDCLIENTE,IDTECNICO,TIEMPOMANOOBRA,MONTOMANOOBRA) values(getdate(),127,40,70,670);
insert into ct_presupuesto(FECHAEMISIONPRESUPUESTO,IDCLIENTE,IDTECNICO,TIEMPOMANOOBRA,MONTOMANOOBRA) values(getdate(),128,39,30,940);
insert into ct_presupuesto(FECHAEMISIONPRESUPUESTO,IDCLIENTE,IDTECNICO,TIEMPOMANOOBRA,MONTOMANOOBRA) values(getdate(),133,38,40,1210);
insert into ct_presupuesto(FECHAEMISIONPRESUPUESTO,IDCLIENTE,IDTECNICO,TIEMPOMANOOBRA,MONTOMANOOBRA) values(getdate(),138,39,50,1480);
insert into ct_presupuesto(FECHAEMISIONPRESUPUESTO,IDCLIENTE,IDTECNICO,TIEMPOMANOOBRA,MONTOMANOOBRA) values(getdate(),9,39,60,1750);
insert into ct_presupuesto(FECHAEMISIONPRESUPUESTO,IDCLIENTE,IDTECNICO,TIEMPOMANOOBRA,MONTOMANOOBRA) values(getdate(),10,39,70,2020);
insert into ct_presupuesto(FECHAEMISIONPRESUPUESTO,IDCLIENTE,IDTECNICO,TIEMPOMANOOBRA,MONTOMANOOBRA) values(getdate(),17,39,30,2290);
insert into ct_presupuesto(FECHAEMISIONPRESUPUESTO,IDCLIENTE,IDTECNICO,TIEMPOMANOOBRA,MONTOMANOOBRA) values(getdate(),22,40,40,2560);
insert into ct_presupuesto(FECHAEMISIONPRESUPUESTO,IDCLIENTE,IDTECNICO,TIEMPOMANOOBRA,MONTOMANOOBRA) values(getdate(),30,40,50,2830);
insert into ct_presupuesto(FECHAEMISIONPRESUPUESTO,IDCLIENTE,IDTECNICO,TIEMPOMANOOBRA,MONTOMANOOBRA) values(getdate(),31,40,60,3100);
insert into ct_presupuesto(FECHAEMISIONPRESUPUESTO,IDCLIENTE,IDTECNICO,TIEMPOMANOOBRA,MONTOMANOOBRA) values(getdate(),36,38,70,3370);
insert into ct_presupuesto(FECHAEMISIONPRESUPUESTO,IDCLIENTE,IDTECNICO,TIEMPOMANOOBRA,MONTOMANOOBRA) values(getdate(),42,38,30,3640);
insert into ct_presupuesto(FECHAEMISIONPRESUPUESTO,IDCLIENTE,IDTECNICO,TIEMPOMANOOBRA,MONTOMANOOBRA) values(getdate(),53,38,40,3910);
insert into ct_presupuesto(FECHAEMISIONPRESUPUESTO,IDCLIENTE,IDTECNICO,TIEMPOMANOOBRA,MONTOMANOOBRA) values(getdate(),69,38,50,4180);
insert into ct_presupuesto(FECHAEMISIONPRESUPUESTO,IDCLIENTE,IDTECNICO,TIEMPOMANOOBRA,MONTOMANOOBRA) values(getdate(),71,40,60,4450);
insert into ct_presupuesto(FECHAEMISIONPRESUPUESTO,IDCLIENTE,IDTECNICO,TIEMPOMANOOBRA,MONTOMANOOBRA) values(getdate(),79,38,70,4720);
insert into ct_presupuesto(FECHAEMISIONPRESUPUESTO,IDCLIENTE,IDTECNICO,TIEMPOMANOOBRA,MONTOMANOOBRA) values(getdate(),80,40,30,4990);
insert into ct_presupuesto(FECHAEMISIONPRESUPUESTO,IDCLIENTE,IDTECNICO,TIEMPOMANOOBRA,MONTOMANOOBRA) values(getdate(),81,40,40,5260);
insert into ct_presupuesto(FECHAEMISIONPRESUPUESTO,IDCLIENTE,IDTECNICO,TIEMPOMANOOBRA,MONTOMANOOBRA) values(getdate(),103,40,50,5530);
insert into ct_presupuesto(FECHAEMISIONPRESUPUESTO,IDCLIENTE,IDTECNICO,TIEMPOMANOOBRA,MONTOMANOOBRA) values(getdate(),109,40,60,5800);



insert into st_producto(CODPRODUCTO,DESCPRODUCTO,STOCK,PTOPEDIDO,PRECIO,ESTADO) values('cam001','camara001',66,66,545,'A');
insert into st_producto(CODPRODUCTO,DESCPRODUCTO,STOCK,PTOPEDIDO,PRECIO,ESTADO) values('cam002','camara002',66,66,1479,'A');
insert into st_producto(CODPRODUCTO,DESCPRODUCTO,STOCK,PTOPEDIDO,PRECIO,ESTADO) values('cam003','camara003',80,26,909,'A');
insert into st_producto(CODPRODUCTO,DESCPRODUCTO,STOCK,PTOPEDIDO,PRECIO,ESTADO) values('cam004','camara004',56,18,1442,'A');
insert into st_producto(CODPRODUCTO,DESCPRODUCTO,STOCK,PTOPEDIDO,PRECIO,ESTADO) values('cam005','camara005',69,69,1227,'A');
insert into st_producto(CODPRODUCTO,DESCPRODUCTO,STOCK,PTOPEDIDO,PRECIO,ESTADO) values('cam006','camara006',77,38,444,'A');
insert into st_producto(CODPRODUCTO,DESCPRODUCTO,STOCK,PTOPEDIDO,PRECIO,ESTADO) values('cam007','camara007',63,31,1192,'A');
insert into st_producto(CODPRODUCTO,DESCPRODUCTO,STOCK,PTOPEDIDO,PRECIO,ESTADO) values('cam008','camara008',57,19,760,'A');
insert into st_producto(CODPRODUCTO,DESCPRODUCTO,STOCK,PTOPEDIDO,PRECIO,ESTADO) values('cam009','camara009',70,70,1041,'A');
insert into st_producto(CODPRODUCTO,DESCPRODUCTO,STOCK,PTOPEDIDO,PRECIO,ESTADO) values('cam010','camara010',56,28,1194,'A');
insert into st_producto(CODPRODUCTO,DESCPRODUCTO,STOCK,PTOPEDIDO,PRECIO,ESTADO) values('cam011','camara011',63,31,444,'A');
insert into st_producto(CODPRODUCTO,DESCPRODUCTO,STOCK,PTOPEDIDO,PRECIO,ESTADO) values('cam012','camara012',63,31,1460,'A');
insert into st_producto(CODPRODUCTO,DESCPRODUCTO,STOCK,PTOPEDIDO,PRECIO,ESTADO) values('cam013','camara013',68,34,1251,'A');
insert into st_producto(CODPRODUCTO,DESCPRODUCTO,STOCK,PTOPEDIDO,PRECIO,ESTADO) values('cam014','camara014',69,23,1301,'A');
insert into st_producto(CODPRODUCTO,DESCPRODUCTO,STOCK,PTOPEDIDO,PRECIO,ESTADO) values('cam015','camara015',69,34,1482,'A');
insert into st_producto(CODPRODUCTO,DESCPRODUCTO,STOCK,PTOPEDIDO,PRECIO,ESTADO) values('cam016','camara016',52,17,673,'A');
insert into st_producto(CODPRODUCTO,DESCPRODUCTO,STOCK,PTOPEDIDO,PRECIO,ESTADO) values('cam017','camara017',71,71,676,'A');
insert into st_producto(CODPRODUCTO,DESCPRODUCTO,STOCK,PTOPEDIDO,PRECIO,ESTADO) values('cam018','camara018',74,37,744,'A');
insert into st_producto(CODPRODUCTO,DESCPRODUCTO,STOCK,PTOPEDIDO,PRECIO,ESTADO) values('cam019','camara019',59,59,453,'A');
insert into st_producto(CODPRODUCTO,DESCPRODUCTO,STOCK,PTOPEDIDO,PRECIO,ESTADO) values('cam020','camara020',70,70,1001,'A');
insert into st_producto(CODPRODUCTO,DESCPRODUCTO,STOCK,PTOPEDIDO,PRECIO,ESTADO) values('cam021','camara021',72,72,893,'A');
insert into st_producto(CODPRODUCTO,DESCPRODUCTO,STOCK,PTOPEDIDO,PRECIO,ESTADO) values('cam022','camara022',62,20,1434,'A');
insert into st_producto(CODPRODUCTO,DESCPRODUCTO,STOCK,PTOPEDIDO,PRECIO,ESTADO) values('cam023','camara023',59,19,711,'A');
insert into st_producto(CODPRODUCTO,DESCPRODUCTO,STOCK,PTOPEDIDO,PRECIO,ESTADO) values('cam024','camara024',56,18,706,'A');
insert into st_producto(CODPRODUCTO,DESCPRODUCTO,STOCK,PTOPEDIDO,PRECIO,ESTADO) values('cam025','camara025',51,51,577,'A');
insert into st_producto(CODPRODUCTO,DESCPRODUCTO,STOCK,PTOPEDIDO,PRECIO,ESTADO) values('cam026','camara026',76,25,412,'A');
insert into st_producto(CODPRODUCTO,DESCPRODUCTO,STOCK,PTOPEDIDO,PRECIO,ESTADO) values('cab001','cable001',72,72,663,'A');
insert into st_producto(CODPRODUCTO,DESCPRODUCTO,STOCK,PTOPEDIDO,PRECIO,ESTADO) values('cab002','cable002',53,26,393,'A');
insert into st_producto(CODPRODUCTO,DESCPRODUCTO,STOCK,PTOPEDIDO,PRECIO,ESTADO) values('cab003','cable003',67,22,1066,'A');
insert into st_producto(CODPRODUCTO,DESCPRODUCTO,STOCK,PTOPEDIDO,PRECIO,ESTADO) values('cab004','cable004',73,24,1328,'A');
insert into st_producto(CODPRODUCTO,DESCPRODUCTO,STOCK,PTOPEDIDO,PRECIO,ESTADO) values('cab005','cable005',63,21,366,'A');
insert into st_producto(CODPRODUCTO,DESCPRODUCTO,STOCK,PTOPEDIDO,PRECIO,ESTADO) values('cab006','cable006',80,40,1089,'A');
insert into st_producto(CODPRODUCTO,DESCPRODUCTO,STOCK,PTOPEDIDO,PRECIO,ESTADO) values('cab007','cable007',76,76,341,'A');
insert into st_producto(CODPRODUCTO,DESCPRODUCTO,STOCK,PTOPEDIDO,PRECIO,ESTADO) values('cab008','cable008',52,17,1163,'A');
insert into st_producto(CODPRODUCTO,DESCPRODUCTO,STOCK,PTOPEDIDO,PRECIO,ESTADO) values('cab009','cable009',55,55,1402,'A');
insert into st_producto(CODPRODUCTO,DESCPRODUCTO,STOCK,PTOPEDIDO,PRECIO,ESTADO) values('cab010','cable010',75,25,1390,'A');
insert into st_producto(CODPRODUCTO,DESCPRODUCTO,STOCK,PTOPEDIDO,PRECIO,ESTADO) values('cab011','cable011',56,18,404,'A');
insert into st_producto(CODPRODUCTO,DESCPRODUCTO,STOCK,PTOPEDIDO,PRECIO,ESTADO) values('cab012','cable012',74,24,681,'A');
insert into st_producto(CODPRODUCTO,DESCPRODUCTO,STOCK,PTOPEDIDO,PRECIO,ESTADO) values('cab013','cable013',78,26,1068,'A');
insert into st_producto(CODPRODUCTO,DESCPRODUCTO,STOCK,PTOPEDIDO,PRECIO,ESTADO) values('cab014','cable014',60,60,996,'A');
insert into st_producto(CODPRODUCTO,DESCPRODUCTO,STOCK,PTOPEDIDO,PRECIO,ESTADO) values('cab015','cable015',69,23,1146,'A');
insert into st_producto(CODPRODUCTO,DESCPRODUCTO,STOCK,PTOPEDIDO,PRECIO,ESTADO) values('cab016','cable016',80,40,1445,'A');
insert into st_producto(CODPRODUCTO,DESCPRODUCTO,STOCK,PTOPEDIDO,PRECIO,ESTADO) values('cab017','cable017',64,64,1227,'A');
insert into st_producto(CODPRODUCTO,DESCPRODUCTO,STOCK,PTOPEDIDO,PRECIO,ESTADO) values('cab018','cable018',59,29,1003,'A');
insert into st_producto(CODPRODUCTO,DESCPRODUCTO,STOCK,PTOPEDIDO,PRECIO,ESTADO) values('cab019','cable019',80,80,978,'A');
insert into st_producto(CODPRODUCTO,DESCPRODUCTO,STOCK,PTOPEDIDO,PRECIO,ESTADO) values('cab020','cable020',62,62,811,'A');
insert into st_producto(CODPRODUCTO,DESCPRODUCTO,STOCK,PTOPEDIDO,PRECIO,ESTADO) values('cab021','cable021',61,30,1194,'A');
insert into st_producto(CODPRODUCTO,DESCPRODUCTO,STOCK,PTOPEDIDO,PRECIO,ESTADO) values('cab022','cable022',80,26,488,'A');
insert into st_producto(CODPRODUCTO,DESCPRODUCTO,STOCK,PTOPEDIDO,PRECIO,ESTADO) values('cab023','cable023',58,19,1466,'A');
insert into st_producto(CODPRODUCTO,DESCPRODUCTO,STOCK,PTOPEDIDO,PRECIO,ESTADO) values('cab024','cable024',68,68,1011,'A');
insert into st_producto(CODPRODUCTO,DESCPRODUCTO,STOCK,PTOPEDIDO,PRECIO,ESTADO) values('cab025','cable025',77,25,600,'A');
insert into st_producto(CODPRODUCTO,DESCPRODUCTO,STOCK,PTOPEDIDO,PRECIO,ESTADO) values('cab026','cable026',80,80,635,'A');
insert into st_producto(CODPRODUCTO,DESCPRODUCTO,STOCK,PTOPEDIDO,PRECIO,ESTADO) values('SD001','sensorDigital001',55,27,370,'A');
insert into st_producto(CODPRODUCTO,DESCPRODUCTO,STOCK,PTOPEDIDO,PRECIO,ESTADO) values('SD002','sensorDigital002',79,79,1280,'A');
insert into st_producto(CODPRODUCTO,DESCPRODUCTO,STOCK,PTOPEDIDO,PRECIO,ESTADO) values('SD003','sensorDigital003',73,36,732,'A');
insert into st_producto(CODPRODUCTO,DESCPRODUCTO,STOCK,PTOPEDIDO,PRECIO,ESTADO) values('SD004','sensorDigital004',75,37,658,'A');
insert into st_producto(CODPRODUCTO,DESCPRODUCTO,STOCK,PTOPEDIDO,PRECIO,ESTADO) values('SD005','sensorDigital005',80,80,497,'A');
insert into st_producto(CODPRODUCTO,DESCPRODUCTO,STOCK,PTOPEDIDO,PRECIO,ESTADO) values('SD006','sensorDigital006',66,66,879,'A');
insert into st_producto(CODPRODUCTO,DESCPRODUCTO,STOCK,PTOPEDIDO,PRECIO,ESTADO) values('SD007','sensorDigital007',76,25,919,'A');
insert into st_producto(CODPRODUCTO,DESCPRODUCTO,STOCK,PTOPEDIDO,PRECIO,ESTADO) values('SD008','sensorDigital008',72,24,642,'A');
insert into st_producto(CODPRODUCTO,DESCPRODUCTO,STOCK,PTOPEDIDO,PRECIO,ESTADO) values('SD009','sensorDigital009',53,26,955,'A');
insert into st_producto(CODPRODUCTO,DESCPRODUCTO,STOCK,PTOPEDIDO,PRECIO,ESTADO) values('SD010','sensorDigital010',54,27,729,'A');
insert into st_producto(CODPRODUCTO,DESCPRODUCTO,STOCK,PTOPEDIDO,PRECIO,ESTADO) values('SD011','sensorDigital011',77,77,758,'A');
insert into st_producto(CODPRODUCTO,DESCPRODUCTO,STOCK,PTOPEDIDO,PRECIO,ESTADO) values('SD012','sensorDigital012',50,25,1492,'A');
insert into st_producto(CODPRODUCTO,DESCPRODUCTO,STOCK,PTOPEDIDO,PRECIO,ESTADO) values('SD013','sensorDigital013',65,32,686,'A');
insert into st_producto(CODPRODUCTO,DESCPRODUCTO,STOCK,PTOPEDIDO,PRECIO,ESTADO) values('SD014','sensorDigital014',71,23,1345,'A');
insert into st_producto(CODPRODUCTO,DESCPRODUCTO,STOCK,PTOPEDIDO,PRECIO,ESTADO) values('SD015','sensorDigital015',52,26,944,'A');
insert into st_producto(CODPRODUCTO,DESCPRODUCTO,STOCK,PTOPEDIDO,PRECIO,ESTADO) values('SD016','sensorDigital016',80,80,495,'A');
insert into st_producto(CODPRODUCTO,DESCPRODUCTO,STOCK,PTOPEDIDO,PRECIO,ESTADO) values('SD017','sensorDigital017',75,75,1273,'A');
insert into st_producto(CODPRODUCTO,DESCPRODUCTO,STOCK,PTOPEDIDO,PRECIO,ESTADO) values('SD018','sensorDigital018',69,23,713,'A');
insert into st_producto(CODPRODUCTO,DESCPRODUCTO,STOCK,PTOPEDIDO,PRECIO,ESTADO) values('SD019','sensorDigital019',51,51,1351,'A');
insert into st_producto(CODPRODUCTO,DESCPRODUCTO,STOCK,PTOPEDIDO,PRECIO,ESTADO) values('SD020','sensorDigital020',58,19,720,'A');
insert into st_producto(CODPRODUCTO,DESCPRODUCTO,STOCK,PTOPEDIDO,PRECIO,ESTADO) values('SD021','sensorDigital021',62,31,389,'A');
insert into st_producto(CODPRODUCTO,DESCPRODUCTO,STOCK,PTOPEDIDO,PRECIO,ESTADO) values('SD022','sensorDigital022',66,22,991,'A');
insert into st_producto(CODPRODUCTO,DESCPRODUCTO,STOCK,PTOPEDIDO,PRECIO,ESTADO) values('SD023','sensorDigital023',74,37,1125,'A');
insert into st_producto(CODPRODUCTO,DESCPRODUCTO,STOCK,PTOPEDIDO,PRECIO,ESTADO) values('SD024','sensorDigital024',65,32,1154,'A');
insert into st_producto(CODPRODUCTO,DESCPRODUCTO,STOCK,PTOPEDIDO,PRECIO,ESTADO) values('SD025','sensorDigital025',51,17,385,'A');
insert into st_producto(CODPRODUCTO,DESCPRODUCTO,STOCK,PTOPEDIDO,PRECIO,ESTADO) values('SD026','sensorDigital026',65,32,921,'A');
insert into st_producto(CODPRODUCTO,DESCPRODUCTO,STOCK,PTOPEDIDO,PRECIO,ESTADO) values('SD027','sensorDigital027',52,17,1286,'A');
insert into st_producto(CODPRODUCTO,DESCPRODUCTO,STOCK,PTOPEDIDO,PRECIO,ESTADO) values('SD028','sensorDigital028',60,30,1277,'A');
insert into st_producto(CODPRODUCTO,DESCPRODUCTO,STOCK,PTOPEDIDO,PRECIO,ESTADO) values('SD029','sensorDigital029',62,31,929,'A');
insert into st_producto(CODPRODUCTO,DESCPRODUCTO,STOCK,PTOPEDIDO,PRECIO,ESTADO) values('SD030','sensorDigital030',71,23,1217,'A');
insert into st_producto(CODPRODUCTO,DESCPRODUCTO,STOCK,PTOPEDIDO,PRECIO,ESTADO) values('SD031','sensorDigital031',52,17,1329,'A');
insert into st_producto(CODPRODUCTO,DESCPRODUCTO,STOCK,PTOPEDIDO,PRECIO,ESTADO) values('SD032','sensorDigital032',77,25,1054,'A');
insert into st_producto(CODPRODUCTO,DESCPRODUCTO,STOCK,PTOPEDIDO,PRECIO,ESTADO) values('SD033','sensorDigital033',72,72,323,'A');
insert into st_producto(CODPRODUCTO,DESCPRODUCTO,STOCK,PTOPEDIDO,PRECIO,ESTADO) values('SD034','sensorDigital034',61,61,889,'A');
insert into st_producto(CODPRODUCTO,DESCPRODUCTO,STOCK,PTOPEDIDO,PRECIO,ESTADO) values('SD035','sensorDigital035',59,29,1352,'A');
insert into st_producto(CODPRODUCTO,DESCPRODUCTO,STOCK,PTOPEDIDO,PRECIO,ESTADO) values('SD036','sensorDigital036',77,77,1150,'A');
insert into st_producto(CODPRODUCTO,DESCPRODUCTO,STOCK,PTOPEDIDO,PRECIO,ESTADO) values('SD037','sensorDigital037',77,25,476,'A');
insert into st_producto(CODPRODUCTO,DESCPRODUCTO,STOCK,PTOPEDIDO,PRECIO,ESTADO) values('SD038','sensorDigital038',74,74,824,'A');
insert into st_producto(CODPRODUCTO,DESCPRODUCTO,STOCK,PTOPEDIDO,PRECIO,ESTADO) values('SD039','sensorDigital039',65,65,751,'A');
insert into st_producto(CODPRODUCTO,DESCPRODUCTO,STOCK,PTOPEDIDO,PRECIO,ESTADO) values('SD040','sensorDigital040',80,80,755,'A');
insert into st_producto(CODPRODUCTO,DESCPRODUCTO,STOCK,PTOPEDIDO,PRECIO,ESTADO) values('SD041','sensorDigital041',52,26,1165,'A');
insert into st_producto(CODPRODUCTO,DESCPRODUCTO,STOCK,PTOPEDIDO,PRECIO,ESTADO) values('SD042','sensorDigital042',69,23,539,'A');
insert into st_producto(CODPRODUCTO,DESCPRODUCTO,STOCK,PTOPEDIDO,PRECIO,ESTADO) values('SD043','sensorDigital043',57,57,1245,'A');
insert into st_producto(CODPRODUCTO,DESCPRODUCTO,STOCK,PTOPEDIDO,PRECIO,ESTADO) values('SD044','sensorDigital044',56,56,943,'A');
insert into st_producto(CODPRODUCTO,DESCPRODUCTO,STOCK,PTOPEDIDO,PRECIO,ESTADO) values('SD045','sensorDigital045',77,38,688,'A');
insert into st_producto(CODPRODUCTO,DESCPRODUCTO,STOCK,PTOPEDIDO,PRECIO,ESTADO) values('SD046','sensorDigital046',80,26,1163,'A');
insert into st_producto(CODPRODUCTO,DESCPRODUCTO,STOCK,PTOPEDIDO,PRECIO,ESTADO) values('SD047','sensorDigital047',68,68,690,'A');
insert into st_producto(CODPRODUCTO,DESCPRODUCTO,STOCK,PTOPEDIDO,PRECIO,ESTADO) values('SD048','sensorDigital048',71,35,1486,'A');
insert into st_producto(CODPRODUCTO,DESCPRODUCTO,STOCK,PTOPEDIDO,PRECIO,ESTADO) values('SD049','sensorDigital049',59,19,1030,'A');
insert into st_producto(CODPRODUCTO,DESCPRODUCTO,STOCK,PTOPEDIDO,PRECIO,ESTADO) values('SD050','sensorDigital050',59,59,370,'A');
insert into st_producto(CODPRODUCTO,DESCPRODUCTO,STOCK,PTOPEDIDO,PRECIO,ESTADO) values('SD051','sensorDigital051',71,35,781,'A');
insert into st_producto(CODPRODUCTO,DESCPRODUCTO,STOCK,PTOPEDIDO,PRECIO,ESTADO) values('SD052','sensorDigital052',70,35,605,'A');
insert into st_producto(CODPRODUCTO,DESCPRODUCTO,STOCK,PTOPEDIDO,PRECIO,ESTADO) values('SD053','sensorDigital053',71,71,488,'A');
insert into st_producto(CODPRODUCTO,DESCPRODUCTO,STOCK,PTOPEDIDO,PRECIO,ESTADO) values('SD054','sensorDigital054',60,20,1023,'A');
insert into st_producto(CODPRODUCTO,DESCPRODUCTO,STOCK,PTOPEDIDO,PRECIO,ESTADO) values('SD055','sensorDigital055',65,65,500,'A');
insert into st_producto(CODPRODUCTO,DESCPRODUCTO,STOCK,PTOPEDIDO,PRECIO,ESTADO) values('SD056','sensorDigital056',64,32,934,'A');
insert into st_producto(CODPRODUCTO,DESCPRODUCTO,STOCK,PTOPEDIDO,PRECIO,ESTADO) values('SD057','sensorDigital057',67,33,950,'A');
insert into st_producto(CODPRODUCTO,DESCPRODUCTO,STOCK,PTOPEDIDO,PRECIO,ESTADO) values('SD058','sensorDigital058',53,17,1261,'A');
insert into st_producto(CODPRODUCTO,DESCPRODUCTO,STOCK,PTOPEDIDO,PRECIO,ESTADO) values('SD059','sensorDigital059',66,66,1351,'A');
insert into st_producto(CODPRODUCTO,DESCPRODUCTO,STOCK,PTOPEDIDO,PRECIO,ESTADO) values('SD060','sensorDigital060',69,23,795,'A');
insert into st_producto(CODPRODUCTO,DESCPRODUCTO,STOCK,PTOPEDIDO,PRECIO,ESTADO) values('SD061','sensorDigital061',51,17,1179,'A');
insert into st_producto(CODPRODUCTO,DESCPRODUCTO,STOCK,PTOPEDIDO,PRECIO,ESTADO) values('SD062','sensorDigital062',64,32,978,'A');
insert into st_producto(CODPRODUCTO,DESCPRODUCTO,STOCK,PTOPEDIDO,PRECIO,ESTADO) values('SD063','sensorDigital063',73,73,1222,'A');
insert into st_producto(CODPRODUCTO,DESCPRODUCTO,STOCK,PTOPEDIDO,PRECIO,ESTADO) values('SD064','sensorDigital064',63,31,634,'A');
insert into st_producto(CODPRODUCTO,DESCPRODUCTO,STOCK,PTOPEDIDO,PRECIO,ESTADO) values('SD065','sensorDigital065',57,57,1426,'A');
insert into st_producto(CODPRODUCTO,DESCPRODUCTO,STOCK,PTOPEDIDO,PRECIO,ESTADO) values('SD066','sensorDigital066',51,17,1071,'A');
insert into st_producto(CODPRODUCTO,DESCPRODUCTO,STOCK,PTOPEDIDO,PRECIO,ESTADO) values('SD067','sensorDigital067',69,23,646,'A');
insert into st_producto(CODPRODUCTO,DESCPRODUCTO,STOCK,PTOPEDIDO,PRECIO,ESTADO) values('SD068','sensorDigital068',53,17,1454,'A');
insert into st_producto(CODPRODUCTO,DESCPRODUCTO,STOCK,PTOPEDIDO,PRECIO,ESTADO) values('SD069','sensorDigital069',67,67,1213,'A');
insert into st_producto(CODPRODUCTO,DESCPRODUCTO,STOCK,PTOPEDIDO,PRECIO,ESTADO) values('SD070','sensorDigital070',69,69,691,'A');
insert into st_producto(CODPRODUCTO,DESCPRODUCTO,STOCK,PTOPEDIDO,PRECIO,ESTADO) values('SD071','sensorDigital071',70,70,304,'A');
insert into st_producto(CODPRODUCTO,DESCPRODUCTO,STOCK,PTOPEDIDO,PRECIO,ESTADO) values('SD072','sensorDigital072',59,19,1270,'A');
insert into st_producto(CODPRODUCTO,DESCPRODUCTO,STOCK,PTOPEDIDO,PRECIO,ESTADO) values('SD073','sensorDigital073',51,51,700,'A');
insert into st_producto(CODPRODUCTO,DESCPRODUCTO,STOCK,PTOPEDIDO,PRECIO,ESTADO) values('SD074','sensorDigital074',58,29,1308,'A');
insert into st_producto(CODPRODUCTO,DESCPRODUCTO,STOCK,PTOPEDIDO,PRECIO,ESTADO) values('SD075','sensorDigital075',55,55,357,'A');
insert into st_producto(CODPRODUCTO,DESCPRODUCTO,STOCK,PTOPEDIDO,PRECIO,ESTADO) values('SD076','sensorDigital076',79,26,315,'A');
insert into st_producto(CODPRODUCTO,DESCPRODUCTO,STOCK,PTOPEDIDO,PRECIO,ESTADO) values('SD077','sensorDigital077',66,33,1391,'A');
insert into st_producto(CODPRODUCTO,DESCPRODUCTO,STOCK,PTOPEDIDO,PRECIO,ESTADO) values('SD078','sensorDigital078',65,32,1028,'A');
insert into st_producto(CODPRODUCTO,DESCPRODUCTO,STOCK,PTOPEDIDO,PRECIO,ESTADO) values('SD079','sensorDigital079',61,30,1131,'A');
insert into st_producto(CODPRODUCTO,DESCPRODUCTO,STOCK,PTOPEDIDO,PRECIO,ESTADO) values('SD080','sensorDigital080',65,32,1035,'A');
insert into st_producto(CODPRODUCTO,DESCPRODUCTO,STOCK,PTOPEDIDO,PRECIO,ESTADO) values('SD081','sensorDigital081',61,20,621,'A');
insert into st_producto(CODPRODUCTO,DESCPRODUCTO,STOCK,PTOPEDIDO,PRECIO,ESTADO) values('SD082','sensorDigital082',70,35,1387,'A');
insert into st_producto(CODPRODUCTO,DESCPRODUCTO,STOCK,PTOPEDIDO,PRECIO,ESTADO) values('SD083','sensorDigital083',63,21,1312,'A');
insert into st_producto(CODPRODUCTO,DESCPRODUCTO,STOCK,PTOPEDIDO,PRECIO,ESTADO) values('SD084','sensorDigital084',62,31,1283,'A');
insert into st_producto(CODPRODUCTO,DESCPRODUCTO,STOCK,PTOPEDIDO,PRECIO,ESTADO) values('SD085','sensorDigital085',73,73,631,'A');
insert into st_producto(CODPRODUCTO,DESCPRODUCTO,STOCK,PTOPEDIDO,PRECIO,ESTADO) values('SD086','sensorDigital086',69,34,749,'A');
insert into st_producto(CODPRODUCTO,DESCPRODUCTO,STOCK,PTOPEDIDO,PRECIO,ESTADO) values('SD087','sensorDigital087',63,31,756,'A');
insert into st_producto(CODPRODUCTO,DESCPRODUCTO,STOCK,PTOPEDIDO,PRECIO,ESTADO) values('SD088','sensorDigital088',53,53,1007,'A');
insert into st_producto(CODPRODUCTO,DESCPRODUCTO,STOCK,PTOPEDIDO,PRECIO,ESTADO) values('SD089','sensorDigital089',76,25,946,'A');
insert into st_producto(CODPRODUCTO,DESCPRODUCTO,STOCK,PTOPEDIDO,PRECIO,ESTADO) values('SD090','sensorDigital090',50,25,812,'A');
insert into st_producto(CODPRODUCTO,DESCPRODUCTO,STOCK,PTOPEDIDO,PRECIO,ESTADO) values('SD091','sensorDigital091',55,27,1476,'A');
insert into st_producto(CODPRODUCTO,DESCPRODUCTO,STOCK,PTOPEDIDO,PRECIO,ESTADO) values('SD092','sensorDigital092',63,21,1143,'A');
insert into st_producto(CODPRODUCTO,DESCPRODUCTO,STOCK,PTOPEDIDO,PRECIO,ESTADO) values('SD093','sensorDigital093',62,62,1450,'A');
insert into st_producto(CODPRODUCTO,DESCPRODUCTO,STOCK,PTOPEDIDO,PRECIO,ESTADO) values('SD094','sensorDigital094',70,23,1232,'A');
insert into st_producto(CODPRODUCTO,DESCPRODUCTO,STOCK,PTOPEDIDO,PRECIO,ESTADO) values('SD095','sensorDigital095',61,30,596,'A');
insert into st_producto(CODPRODUCTO,DESCPRODUCTO,STOCK,PTOPEDIDO,PRECIO,ESTADO) values('SD096','sensorDigital096',66,33,1077,'A');
insert into st_producto(CODPRODUCTO,DESCPRODUCTO,STOCK,PTOPEDIDO,PRECIO,ESTADO) values('SD097','sensorDigital097',80,26,843,'A');
insert into st_producto(CODPRODUCTO,DESCPRODUCTO,STOCK,PTOPEDIDO,PRECIO,ESTADO) values('SD098','sensorDigital098',59,59,1160,'A');
insert into st_producto(CODPRODUCTO,DESCPRODUCTO,STOCK,PTOPEDIDO,PRECIO,ESTADO) values('SD099','sensorDigital099',61,20,1324,'A');
insert into st_producto(CODPRODUCTO,DESCPRODUCTO,STOCK,PTOPEDIDO,PRECIO,ESTADO) values('SD100','sensorDigital100',59,19,1088,'A');
insert into st_producto(CODPRODUCTO,DESCPRODUCTO,STOCK,PTOPEDIDO,PRECIO,ESTADO) values('SD101','sensorDigital101',60,20,355,'A');
insert into st_producto(CODPRODUCTO,DESCPRODUCTO,STOCK,PTOPEDIDO,PRECIO,ESTADO) values('SD102','sensorDigital102',52,17,1041,'A');
insert into st_producto(CODPRODUCTO,DESCPRODUCTO,STOCK,PTOPEDIDO,PRECIO,ESTADO) values('SD103','sensorDigital103',66,66,1197,'A');
insert into st_producto(CODPRODUCTO,DESCPRODUCTO,STOCK,PTOPEDIDO,PRECIO,ESTADO) values('SD104','sensorDigital104',73,73,1500,'A');
insert into st_producto(CODPRODUCTO,DESCPRODUCTO,STOCK,PTOPEDIDO,PRECIO,ESTADO) values('SD105','sensorDigital105',64,32,1054,'A');
insert into st_producto(CODPRODUCTO,DESCPRODUCTO,STOCK,PTOPEDIDO,PRECIO,ESTADO) values('SD106','sensorDigital106',56,18,1477,'A');
insert into st_producto(CODPRODUCTO,DESCPRODUCTO,STOCK,PTOPEDIDO,PRECIO,ESTADO) values('SD107','sensorDigital107',52,17,1463,'A');
insert into st_producto(CODPRODUCTO,DESCPRODUCTO,STOCK,PTOPEDIDO,PRECIO,ESTADO) values('SD108','sensorDigital108',54,27,1194,'A');
insert into st_producto(CODPRODUCTO,DESCPRODUCTO,STOCK,PTOPEDIDO,PRECIO,ESTADO) values('SD109','sensorDigital109',78,26,1231,'A');
insert into st_producto(CODPRODUCTO,DESCPRODUCTO,STOCK,PTOPEDIDO,PRECIO,ESTADO) values('SD110','sensorDigital110',60,20,781,'A');
insert into st_producto(CODPRODUCTO,DESCPRODUCTO,STOCK,PTOPEDIDO,PRECIO,ESTADO) values('SD111','sensorDigital111',74,37,1070,'A');
insert into st_producto(CODPRODUCTO,DESCPRODUCTO,STOCK,PTOPEDIDO,PRECIO,ESTADO) values('SD112','sensorDigital112',59,29,1499,'A');
insert into st_producto(CODPRODUCTO,DESCPRODUCTO,STOCK,PTOPEDIDO,PRECIO,ESTADO) values('SD113','sensorDigital113',67,22,1479,'A');
insert into st_producto(CODPRODUCTO,DESCPRODUCTO,STOCK,PTOPEDIDO,PRECIO,ESTADO) values('SD114','sensorDigital114',66,66,899,'A');
insert into st_producto(CODPRODUCTO,DESCPRODUCTO,STOCK,PTOPEDIDO,PRECIO,ESTADO) values('SD115','sensorDigital115',68,34,869,'A');
insert into st_producto(CODPRODUCTO,DESCPRODUCTO,STOCK,PTOPEDIDO,PRECIO,ESTADO) values('SD116','sensorDigital116',67,22,828,'A');
insert into st_producto(CODPRODUCTO,DESCPRODUCTO,STOCK,PTOPEDIDO,PRECIO,ESTADO) values('SD117','sensorDigital117',66,22,829,'A');
insert into st_producto(CODPRODUCTO,DESCPRODUCTO,STOCK,PTOPEDIDO,PRECIO,ESTADO) values('SD118','sensorDigital118',69,23,841,'A');
insert into st_producto(CODPRODUCTO,DESCPRODUCTO,STOCK,PTOPEDIDO,PRECIO,ESTADO) values('SD119','sensorDigital119',74,24,490,'A');
insert into st_producto(CODPRODUCTO,DESCPRODUCTO,STOCK,PTOPEDIDO,PRECIO,ESTADO) values('SD120','sensorDigital120',54,54,1324,'A');
insert into st_producto(CODPRODUCTO,DESCPRODUCTO,STOCK,PTOPEDIDO,PRECIO,ESTADO) values('SD121','sensorDigital121',67,33,1074,'A');
insert into st_producto(CODPRODUCTO,DESCPRODUCTO,STOCK,PTOPEDIDO,PRECIO,ESTADO) values('SD122','sensorDigital122',55,27,1142,'A');
insert into st_producto(CODPRODUCTO,DESCPRODUCTO,STOCK,PTOPEDIDO,PRECIO,ESTADO) values('SD123','sensorDigital123',69,23,525,'A');
insert into st_producto(CODPRODUCTO,DESCPRODUCTO,STOCK,PTOPEDIDO,PRECIO,ESTADO) values('SD124','sensorDigital124',64,32,744,'A');
insert into st_producto(CODPRODUCTO,DESCPRODUCTO,STOCK,PTOPEDIDO,PRECIO,ESTADO) values('SD125','sensorDigital125',56,18,713,'A');
insert into st_producto(CODPRODUCTO,DESCPRODUCTO,STOCK,PTOPEDIDO,PRECIO,ESTADO) values('SD126','sensorDigital126',55,55,1107,'A');
insert into st_producto(CODPRODUCTO,DESCPRODUCTO,STOCK,PTOPEDIDO,PRECIO,ESTADO) values('SD127','sensorDigital127',53,53,1078,'A');
insert into st_producto(CODPRODUCTO,DESCPRODUCTO,STOCK,PTOPEDIDO,PRECIO,ESTADO) values('SD128','sensorDigital128',61,61,854,'A');
insert into st_producto(CODPRODUCTO,DESCPRODUCTO,STOCK,PTOPEDIDO,PRECIO,ESTADO) values('SD129','sensorDigital129',58,19,1139,'A');
insert into st_producto(CODPRODUCTO,DESCPRODUCTO,STOCK,PTOPEDIDO,PRECIO,ESTADO) values('SD130','sensorDigital130',51,51,1216,'A');
insert into st_producto(CODPRODUCTO,DESCPRODUCTO,STOCK,PTOPEDIDO,PRECIO,ESTADO) values('SD131','sensorDigital131',74,37,619,'A');
insert into st_producto(CODPRODUCTO,DESCPRODUCTO,STOCK,PTOPEDIDO,PRECIO,ESTADO) values('SD132','sensorDigital132',73,36,485,'A');
insert into st_producto(CODPRODUCTO,DESCPRODUCTO,STOCK,PTOPEDIDO,PRECIO,ESTADO) values('SD133','sensorDigital133',57,28,1143,'A');
insert into st_producto(CODPRODUCTO,DESCPRODUCTO,STOCK,PTOPEDIDO,PRECIO,ESTADO) values('SD134','sensorDigital134',50,16,405,'A');
insert into st_producto(CODPRODUCTO,DESCPRODUCTO,STOCK,PTOPEDIDO,PRECIO,ESTADO) values('SD135','sensorDigital135',51,25,938,'A');


insert into CT_ITEMPRESUPUESTO(IDPRESUPUESTO,CODPRODUCTO,CANTPRODUTO,MONTOITEM) values(2,'cam003',3,3285)
insert into CT_ITEMPRESUPUESTO(IDPRESUPUESTO,CODPRODUCTO,CANTPRODUTO,MONTOITEM) values(4,'cam001',4,346)
insert into CT_ITEMPRESUPUESTO(IDPRESUPUESTO,CODPRODUCTO,CANTPRODUTO,MONTOITEM) values(6,'cam008',5,388)
insert into CT_ITEMPRESUPUESTO(IDPRESUPUESTO,CODPRODUCTO,CANTPRODUTO,MONTOITEM) values(8,'cam001',5,346)
insert into CT_ITEMPRESUPUESTO(IDPRESUPUESTO,CODPRODUCTO,CANTPRODUTO,MONTOITEM) values(10,'cam001',4,346)
insert into CT_ITEMPRESUPUESTO(IDPRESUPUESTO,CODPRODUCTO,CANTPRODUTO,MONTOITEM) values(12,'cam008',3,388)
insert into CT_ITEMPRESUPUESTO(IDPRESUPUESTO,CODPRODUCTO,CANTPRODUTO,MONTOITEM) values(14,'cam008',5,388)
insert into CT_ITEMPRESUPUESTO(IDPRESUPUESTO,CODPRODUCTO,CANTPRODUTO,MONTOITEM) values(16,'cam003',4,1095)
insert into CT_ITEMPRESUPUESTO(IDPRESUPUESTO,CODPRODUCTO,CANTPRODUTO,MONTOITEM) values(18,'cam001',4,346)
insert into CT_ITEMPRESUPUESTO(IDPRESUPUESTO,CODPRODUCTO,CANTPRODUTO,MONTOITEM) values(20,'cam001',3,346)
insert into CT_ITEMPRESUPUESTO(IDPRESUPUESTO,CODPRODUCTO,CANTPRODUTO,MONTOITEM) values(22,'cam003',4,1095)
insert into CT_ITEMPRESUPUESTO(IDPRESUPUESTO,CODPRODUCTO,CANTPRODUTO,MONTOITEM) values(24,'cam001',5,346)
insert into CT_ITEMPRESUPUESTO(IDPRESUPUESTO,CODPRODUCTO,CANTPRODUTO,MONTOITEM) values(26,'cam008',4,388)
insert into CT_ITEMPRESUPUESTO(IDPRESUPUESTO,CODPRODUCTO,CANTPRODUTO,MONTOITEM) values(28,'cam003',5,1095)
insert into CT_ITEMPRESUPUESTO(IDPRESUPUESTO,CODPRODUCTO,CANTPRODUTO,MONTOITEM) values(30,'cam008',5,388)
insert into CT_ITEMPRESUPUESTO(IDPRESUPUESTO,CODPRODUCTO,CANTPRODUTO,MONTOITEM) values(32,'cam001',3,346)
insert into CT_ITEMPRESUPUESTO(IDPRESUPUESTO,CODPRODUCTO,CANTPRODUTO,MONTOITEM) values(34,'cam003',5,1095)
insert into CT_ITEMPRESUPUESTO(IDPRESUPUESTO,CODPRODUCTO,CANTPRODUTO,MONTOITEM) values(36,'cam001',4,346)
insert into CT_ITEMPRESUPUESTO(IDPRESUPUESTO,CODPRODUCTO,CANTPRODUTO,MONTOITEM) values(38,'cam008',4,388)
insert into CT_ITEMPRESUPUESTO(IDPRESUPUESTO,CODPRODUCTO,CANTPRODUTO,MONTOITEM) values(40,'cam003',4,1095)
insert into CT_ITEMPRESUPUESTO(IDPRESUPUESTO,CODPRODUCTO,CANTPRODUTO,MONTOITEM) values(42,'cam008',5,388)
insert into CT_ITEMPRESUPUESTO(IDPRESUPUESTO,CODPRODUCTO,CANTPRODUTO,MONTOITEM) values(44,'cam003',3,1095)
insert into CT_ITEMPRESUPUESTO(IDPRESUPUESTO,CODPRODUCTO,CANTPRODUTO,MONTOITEM) values(46,'cam003',3,1095)
insert into CT_ITEMPRESUPUESTO(IDPRESUPUESTO,CODPRODUCTO,CANTPRODUTO,MONTOITEM) values(48,'cam003',3,1095)
insert into CT_ITEMPRESUPUESTO(IDPRESUPUESTO,CODPRODUCTO,CANTPRODUTO,MONTOITEM) values(50,'cam003',3,1095)
insert into CT_ITEMPRESUPUESTO(IDPRESUPUESTO,CODPRODUCTO,CANTPRODUTO,MONTOITEM) values(52,'cam008',5,388)
insert into CT_ITEMPRESUPUESTO(IDPRESUPUESTO,CODPRODUCTO,CANTPRODUTO,MONTOITEM) values(54,'cam003',4,1095)
insert into CT_ITEMPRESUPUESTO(IDPRESUPUESTO,CODPRODUCTO,CANTPRODUTO,MONTOITEM) values(56,'cam003',4,1095)
insert into CT_ITEMPRESUPUESTO(IDPRESUPUESTO,CODPRODUCTO,CANTPRODUTO,MONTOITEM) values(58,'cam001',5,346)
insert into CT_ITEMPRESUPUESTO(IDPRESUPUESTO,CODPRODUCTO,CANTPRODUTO,MONTOITEM) values(60,'cam001',3,346)
insert into CT_ITEMPRESUPUESTO(IDPRESUPUESTO,CODPRODUCTO,CANTPRODUTO,MONTOITEM) values(62,'cam003',4,1095)
insert into CT_ITEMPRESUPUESTO(IDPRESUPUESTO,CODPRODUCTO,CANTPRODUTO,MONTOITEM) values(64,'cam001',3,346)
insert into CT_ITEMPRESUPUESTO(IDPRESUPUESTO,CODPRODUCTO,CANTPRODUTO,MONTOITEM) values(66,'cam008',4,388)
insert into CT_ITEMPRESUPUESTO(IDPRESUPUESTO,CODPRODUCTO,CANTPRODUTO,MONTOITEM) values(68,'cam003',5,1095)
insert into CT_ITEMPRESUPUESTO(IDPRESUPUESTO,CODPRODUCTO,CANTPRODUTO,MONTOITEM) values(70,'cam008',4,388)
insert into CT_ITEMPRESUPUESTO(IDPRESUPUESTO,CODPRODUCTO,CANTPRODUTO,MONTOITEM) values(72,'cam008',3,388)
insert into CT_ITEMPRESUPUESTO(IDPRESUPUESTO,CODPRODUCTO,CANTPRODUTO,MONTOITEM) values(74,'cam001',5,346)
insert into CT_ITEMPRESUPUESTO(IDPRESUPUESTO,CODPRODUCTO,CANTPRODUTO,MONTOITEM) values(76,'cam008',4,388)
insert into CT_ITEMPRESUPUESTO(IDPRESUPUESTO,CODPRODUCTO,CANTPRODUTO,MONTOITEM) values(78,'cam001',4,346)
insert into CT_ITEMPRESUPUESTO(IDPRESUPUESTO,CODPRODUCTO,CANTPRODUTO,MONTOITEM) values(80,'cam003',3,1095)
insert into CT_ITEMPRESUPUESTO(IDPRESUPUESTO,CODPRODUCTO,CANTPRODUTO,MONTOITEM) values(82,'cam001',4,346)
insert into CT_ITEMPRESUPUESTO(IDPRESUPUESTO,CODPRODUCTO,CANTPRODUTO,MONTOITEM) values(84,'cam001',3,346)
insert into CT_ITEMPRESUPUESTO(IDPRESUPUESTO,CODPRODUCTO,CANTPRODUTO,MONTOITEM) values(86,'cam003',5,1095)
insert into CT_ITEMPRESUPUESTO(IDPRESUPUESTO,CODPRODUCTO,CANTPRODUTO,MONTOITEM) values(88,'cam008',5,388)
insert into CT_ITEMPRESUPUESTO(IDPRESUPUESTO,CODPRODUCTO,CANTPRODUTO,MONTOITEM) values(90,'cam001',3,346)
insert into CT_ITEMPRESUPUESTO(IDPRESUPUESTO,CODPRODUCTO,CANTPRODUTO,MONTOITEM) values(92,'cam003',5,1095)
insert into CT_ITEMPRESUPUESTO(IDPRESUPUESTO,CODPRODUCTO,CANTPRODUTO,MONTOITEM) values(94,'cam003',3,1095)
insert into CT_ITEMPRESUPUESTO(IDPRESUPUESTO,CODPRODUCTO,CANTPRODUTO,MONTOITEM) values(96,'cam008',3,388)
insert into CT_ITEMPRESUPUESTO(IDPRESUPUESTO,CODPRODUCTO,CANTPRODUTO,MONTOITEM) values(98,'cam008',4,388)
insert into CT_ITEMPRESUPUESTO(IDPRESUPUESTO,CODPRODUCTO,CANTPRODUTO,MONTOITEM) values(100,'cam003',3,1095)
insert into CT_ITEMPRESUPUESTO(IDPRESUPUESTO,CODPRODUCTO,CANTPRODUTO,MONTOITEM) values(102,'cam001',5,346)
insert into CT_ITEMPRESUPUESTO(IDPRESUPUESTO,CODPRODUCTO,CANTPRODUTO,MONTOITEM) values(104,'cam008',5,388)
insert into CT_ITEMPRESUPUESTO(IDPRESUPUESTO,CODPRODUCTO,CANTPRODUTO,MONTOITEM) values(106,'cam003',4,1095)
insert into CT_ITEMPRESUPUESTO(IDPRESUPUESTO,CODPRODUCTO,CANTPRODUTO,MONTOITEM) values(108,'cam001',4,346)
insert into CT_ITEMPRESUPUESTO(IDPRESUPUESTO,CODPRODUCTO,CANTPRODUTO,MONTOITEM) values(110,'cam003',4,1095)
insert into CT_ITEMPRESUPUESTO(IDPRESUPUESTO,CODPRODUCTO,CANTPRODUTO,MONTOITEM) values(112,'cam003',3,1095)
insert into CT_ITEMPRESUPUESTO(IDPRESUPUESTO,CODPRODUCTO,CANTPRODUTO,MONTOITEM) values(114,'cam001',5,346)
insert into CT_ITEMPRESUPUESTO(IDPRESUPUESTO,CODPRODUCTO,CANTPRODUTO,MONTOITEM) values(116,'cam008',3,388)
insert into CT_ITEMPRESUPUESTO(IDPRESUPUESTO,CODPRODUCTO,CANTPRODUTO,MONTOITEM) values(118,'cam008',5,388)
insert into CT_ITEMPRESUPUESTO(IDPRESUPUESTO,CODPRODUCTO,CANTPRODUTO,MONTOITEM) values(120,'cam003',4,1095)
insert into CT_ITEMPRESUPUESTO(IDPRESUPUESTO,CODPRODUCTO,CANTPRODUTO,MONTOITEM) values(122,'cam001',5,346)
insert into CT_ITEMPRESUPUESTO(IDPRESUPUESTO,CODPRODUCTO,CANTPRODUTO,MONTOITEM) values(124,'cam001',4,346)
insert into CT_ITEMPRESUPUESTO(IDPRESUPUESTO,CODPRODUCTO,CANTPRODUTO,MONTOITEM) values(126,'cam008',3,388)
insert into CT_ITEMPRESUPUESTO(IDPRESUPUESTO,CODPRODUCTO,CANTPRODUTO,MONTOITEM) values(128,'cam003',4,1095)
insert into CT_ITEMPRESUPUESTO(IDPRESUPUESTO,CODPRODUCTO,CANTPRODUTO,MONTOITEM) values(130,'cam001',5,346)
insert into CT_ITEMPRESUPUESTO(IDPRESUPUESTO,CODPRODUCTO,CANTPRODUTO,MONTOITEM) values(132,'cam003',5,1095)
insert into CT_ITEMPRESUPUESTO(IDPRESUPUESTO,CODPRODUCTO,CANTPRODUTO,MONTOITEM) values(134,'cam001',3,346)
insert into CT_ITEMPRESUPUESTO(IDPRESUPUESTO,CODPRODUCTO,CANTPRODUTO,MONTOITEM) values(136,'cam001',4,346)
insert into CT_ITEMPRESUPUESTO(IDPRESUPUESTO,CODPRODUCTO,CANTPRODUTO,MONTOITEM) values(138,'cam008',3,388)
insert into CT_ITEMPRESUPUESTO(IDPRESUPUESTO,CODPRODUCTO,CANTPRODUTO,MONTOITEM) values(140,'cam001',4,346)
insert into CT_ITEMPRESUPUESTO(IDPRESUPUESTO,CODPRODUCTO,CANTPRODUTO,MONTOITEM) values(142,'cam008',3,388)
insert into CT_ITEMPRESUPUESTO(IDPRESUPUESTO,CODPRODUCTO,CANTPRODUTO,MONTOITEM) values(144,'cam008',5,388)
insert into CT_ITEMPRESUPUESTO(IDPRESUPUESTO,CODPRODUCTO,CANTPRODUTO,MONTOITEM) values(146,'cam008',5,388)
insert into CT_ITEMPRESUPUESTO(IDPRESUPUESTO,CODPRODUCTO,CANTPRODUTO,MONTOITEM) values(148,'cam001',5,346)
insert into CT_ITEMPRESUPUESTO(IDPRESUPUESTO,CODPRODUCTO,CANTPRODUTO,MONTOITEM) values(150,'cam008',5,388)
insert into CT_ITEMPRESUPUESTO(IDPRESUPUESTO,CODPRODUCTO,CANTPRODUTO,MONTOITEM) values(152,'cam003',4,1095)
insert into CT_ITEMPRESUPUESTO(IDPRESUPUESTO,CODPRODUCTO,CANTPRODUTO,MONTOITEM) values(154,'cam001',4,346)
insert into CT_ITEMPRESUPUESTO(IDPRESUPUESTO,CODPRODUCTO,CANTPRODUTO,MONTOITEM) values(156,'cam001',3,346)
insert into CT_ITEMPRESUPUESTO(IDPRESUPUESTO,CODPRODUCTO,CANTPRODUTO,MONTOITEM) values(158,'cam001',4,346)
insert into CT_ITEMPRESUPUESTO(IDPRESUPUESTO,CODPRODUCTO,CANTPRODUTO,MONTOITEM) values(160,'cam008',4,388)
insert into CT_ITEMPRESUPUESTO(IDPRESUPUESTO,CODPRODUCTO,CANTPRODUTO,MONTOITEM) values(162,'cam008',5,388)
insert into CT_ITEMPRESUPUESTO(IDPRESUPUESTO,CODPRODUCTO,CANTPRODUTO,MONTOITEM) values(164,'cam003',4,1095)
insert into CT_ITEMPRESUPUESTO(IDPRESUPUESTO,CODPRODUCTO,CANTPRODUTO,MONTOITEM) values(166,'cam003',5,1095)
insert into CT_ITEMPRESUPUESTO(IDPRESUPUESTO,CODPRODUCTO,CANTPRODUTO,MONTOITEM) values(168,'cam008',5,388)
insert into CT_ITEMPRESUPUESTO(IDPRESUPUESTO,CODPRODUCTO,CANTPRODUTO,MONTOITEM) values(170,'cam001',4,346)
insert into CT_ITEMPRESUPUESTO(IDPRESUPUESTO,CODPRODUCTO,CANTPRODUTO,MONTOITEM) values(172,'cam008',4,388)
insert into CT_ITEMPRESUPUESTO(IDPRESUPUESTO,CODPRODUCTO,CANTPRODUTO,MONTOITEM) values(174,'cam001',3,346)
insert into CT_ITEMPRESUPUESTO(IDPRESUPUESTO,CODPRODUCTO,CANTPRODUTO,MONTOITEM) values(176,'cam008',5,388)
insert into CT_ITEMPRESUPUESTO(IDPRESUPUESTO,CODPRODUCTO,CANTPRODUTO,MONTOITEM) values(178,'cam008',5,388)
insert into CT_ITEMPRESUPUESTO(IDPRESUPUESTO,CODPRODUCTO,CANTPRODUTO,MONTOITEM) values(180,'cam008',3,388)
insert into CT_ITEMPRESUPUESTO(IDPRESUPUESTO,CODPRODUCTO,CANTPRODUTO,MONTOITEM) values(182,'cam003',4,1095)
insert into CT_ITEMPRESUPUESTO(IDPRESUPUESTO,CODPRODUCTO,CANTPRODUTO,MONTOITEM) values(184,'cam001',4,346)
insert into CT_ITEMPRESUPUESTO(IDPRESUPUESTO,CODPRODUCTO,CANTPRODUTO,MONTOITEM) values(186,'cam008',4,388)
insert into CT_ITEMPRESUPUESTO(IDPRESUPUESTO,CODPRODUCTO,CANTPRODUTO,MONTOITEM) values(188,'cam008',5,388)
insert into CT_ITEMPRESUPUESTO(IDPRESUPUESTO,CODPRODUCTO,CANTPRODUTO,MONTOITEM) values(190,'cam001',4,346)
insert into CT_ITEMPRESUPUESTO(IDPRESUPUESTO,CODPRODUCTO,CANTPRODUTO,MONTOITEM) values(192,'cam001',4,346)
insert into CT_ITEMPRESUPUESTO(IDPRESUPUESTO,CODPRODUCTO,CANTPRODUTO,MONTOITEM) values(194,'cam001',5,346)
insert into CT_ITEMPRESUPUESTO(IDPRESUPUESTO,CODPRODUCTO,CANTPRODUTO,MONTOITEM) values(196,'cam001',4,346)
insert into CT_ITEMPRESUPUESTO(IDPRESUPUESTO,CODPRODUCTO,CANTPRODUTO,MONTOITEM) values(198,'cam008',4,388)
insert into CT_ITEMPRESUPUESTO(IDPRESUPUESTO,CODPRODUCTO,CANTPRODUTO,MONTOITEM) values(200,'cam003',4,1095)
insert into CT_ITEMPRESUPUESTO(IDPRESUPUESTO,CODPRODUCTO,CANTPRODUTO,MONTOITEM) values(202,'cam001',3,346)
insert into CT_ITEMPRESUPUESTO(IDPRESUPUESTO,CODPRODUCTO,CANTPRODUTO,MONTOITEM) values(204,'cam008',5,388)
insert into CT_ITEMPRESUPUESTO(IDPRESUPUESTO,CODPRODUCTO,CANTPRODUTO,MONTOITEM) values(206,'cam003',3,1095)
insert into CT_ITEMPRESUPUESTO(IDPRESUPUESTO,CODPRODUCTO,CANTPRODUTO,MONTOITEM) values(208,'cam001',5,346)
insert into CT_ITEMPRESUPUESTO(IDPRESUPUESTO,CODPRODUCTO,CANTPRODUTO,MONTOITEM) values(210,'cam008',5,388)
insert into CT_ITEMPRESUPUESTO(IDPRESUPUESTO,CODPRODUCTO,CANTPRODUTO,MONTOITEM) values(212,'cam003',3,1095)
insert into CT_ITEMPRESUPUESTO(IDPRESUPUESTO,CODPRODUCTO,CANTPRODUTO,MONTOITEM) values(214,'cam003',4,1095)
insert into CT_ITEMPRESUPUESTO(IDPRESUPUESTO,CODPRODUCTO,CANTPRODUTO,MONTOITEM) values(216,'cam001',4,346)
insert into CT_ITEMPRESUPUESTO(IDPRESUPUESTO,CODPRODUCTO,CANTPRODUTO,MONTOITEM) values(218,'cam003',4,1095)
insert into CT_ITEMPRESUPUESTO(IDPRESUPUESTO,CODPRODUCTO,CANTPRODUTO,MONTOITEM) values(220,'cam008',5,388)
insert into CT_ITEMPRESUPUESTO(IDPRESUPUESTO,CODPRODUCTO,CANTPRODUTO,MONTOITEM) values(222,'cam008',4,388)
insert into CT_ITEMPRESUPUESTO(IDPRESUPUESTO,CODPRODUCTO,CANTPRODUTO,MONTOITEM) values(224,'cam001',3,346)
insert into CT_ITEMPRESUPUESTO(IDPRESUPUESTO,CODPRODUCTO,CANTPRODUTO,MONTOITEM) values(226,'cam001',3,346)
insert into CT_ITEMPRESUPUESTO(IDPRESUPUESTO,CODPRODUCTO,CANTPRODUTO,MONTOITEM) values(228,'cam008',3,388)
insert into CT_ITEMPRESUPUESTO(IDPRESUPUESTO,CODPRODUCTO,CANTPRODUTO,MONTOITEM) values(230,'cam003',5,1095)
insert into CT_ITEMPRESUPUESTO(IDPRESUPUESTO,CODPRODUCTO,CANTPRODUTO,MONTOITEM) values(232,'cam001',4,346)
insert into CT_ITEMPRESUPUESTO(IDPRESUPUESTO,CODPRODUCTO,CANTPRODUTO,MONTOITEM) values(234,'cam001',5,346)
insert into CT_ITEMPRESUPUESTO(IDPRESUPUESTO,CODPRODUCTO,CANTPRODUTO,MONTOITEM) values(236,'cam008',5,388)
insert into CT_ITEMPRESUPUESTO(IDPRESUPUESTO,CODPRODUCTO,CANTPRODUTO,MONTOITEM) values(238,'cam008',4,388)
insert into CT_ITEMPRESUPUESTO(IDPRESUPUESTO,CODPRODUCTO,CANTPRODUTO,MONTOITEM) values(240,'cam008',4,388)
insert into CT_ITEMPRESUPUESTO(IDPRESUPUESTO,CODPRODUCTO,CANTPRODUTO,MONTOITEM) values(242,'cam003',5,1095)
insert into CT_ITEMPRESUPUESTO(IDPRESUPUESTO,CODPRODUCTO,CANTPRODUTO,MONTOITEM) values(244,'cam003',5,1095)
insert into CT_ITEMPRESUPUESTO(IDPRESUPUESTO,CODPRODUCTO,CANTPRODUTO,MONTOITEM) values(246,'cam003',3,1095)
insert into CT_ITEMPRESUPUESTO(IDPRESUPUESTO,CODPRODUCTO,CANTPRODUTO,MONTOITEM) values(248,'cam001',3,346)
insert into CT_ITEMPRESUPUESTO(IDPRESUPUESTO,CODPRODUCTO,CANTPRODUTO,MONTOITEM) values(250,'cam001',5,346)
insert into CT_ITEMPRESUPUESTO(IDPRESUPUESTO,CODPRODUCTO,CANTPRODUTO,MONTOITEM) values(252,'cam001',5,346)
insert into CT_ITEMPRESUPUESTO(IDPRESUPUESTO,CODPRODUCTO,CANTPRODUTO,MONTOITEM) values(254,'cam003',3,1095)
insert into CT_ITEMPRESUPUESTO(IDPRESUPUESTO,CODPRODUCTO,CANTPRODUTO,MONTOITEM) values(256,'cam003',5,1095)
insert into CT_ITEMPRESUPUESTO(IDPRESUPUESTO,CODPRODUCTO,CANTPRODUTO,MONTOITEM) values(258,'cam001',5,346)
insert into CT_ITEMPRESUPUESTO(IDPRESUPUESTO,CODPRODUCTO,CANTPRODUTO,MONTOITEM) values(260,'cam008',3,388)
insert into CT_ITEMPRESUPUESTO(IDPRESUPUESTO,CODPRODUCTO,CANTPRODUTO,MONTOITEM) values(262,'cam003',5,1095)
insert into CT_ITEMPRESUPUESTO(IDPRESUPUESTO,CODPRODUCTO,CANTPRODUTO,MONTOITEM) values(264,'cam008',5,388)
insert into CT_ITEMPRESUPUESTO(IDPRESUPUESTO,CODPRODUCTO,CANTPRODUTO,MONTOITEM) values(266,'cam008',3,388)
insert into CT_ITEMPRESUPUESTO(IDPRESUPUESTO,CODPRODUCTO,CANTPRODUTO,MONTOITEM) values(268,'cam003',3,1095)
insert into CT_ITEMPRESUPUESTO(IDPRESUPUESTO,CODPRODUCTO,CANTPRODUTO,MONTOITEM) values(270,'cam008',3,388)
insert into CT_ITEMPRESUPUESTO(IDPRESUPUESTO,CODPRODUCTO,CANTPRODUTO,MONTOITEM) values(272,'cam003',3,1095)
insert into CT_ITEMPRESUPUESTO(IDPRESUPUESTO,CODPRODUCTO,CANTPRODUTO,MONTOITEM) values(274,'cam001',4,346)
insert into CT_ITEMPRESUPUESTO(IDPRESUPUESTO,CODPRODUCTO,CANTPRODUTO,MONTOITEM) values(276,'cam008',3,388)
insert into CT_ITEMPRESUPUESTO(IDPRESUPUESTO,CODPRODUCTO,CANTPRODUTO,MONTOITEM) values(278,'cam001',5,346)
insert into CT_ITEMPRESUPUESTO(IDPRESUPUESTO,CODPRODUCTO,CANTPRODUTO,MONTOITEM) values(280,'cam001',4,346)
insert into CT_ITEMPRESUPUESTO(IDPRESUPUESTO,CODPRODUCTO,CANTPRODUTO,MONTOITEM) values(282,'cam008',4,388)
insert into CT_ITEMPRESUPUESTO(IDPRESUPUESTO,CODPRODUCTO,CANTPRODUTO,MONTOITEM) values(284,'cam001',4,346)
insert into CT_ITEMPRESUPUESTO(IDPRESUPUESTO,CODPRODUCTO,CANTPRODUTO,MONTOITEM) values(286,'cam008',4,388)
insert into CT_ITEMPRESUPUESTO(IDPRESUPUESTO,CODPRODUCTO,CANTPRODUTO,MONTOITEM) values(288,'cam003',3,1095)
insert into CT_ITEMPRESUPUESTO(IDPRESUPUESTO,CODPRODUCTO,CANTPRODUTO,MONTOITEM) values(290,'cam003',5,1095)
insert into CT_ITEMPRESUPUESTO(IDPRESUPUESTO,CODPRODUCTO,CANTPRODUTO,MONTOITEM) values(292,'cam008',5,388)
insert into CT_ITEMPRESUPUESTO(IDPRESUPUESTO,CODPRODUCTO,CANTPRODUTO,MONTOITEM) values(294,'cam008',5,388)
insert into CT_ITEMPRESUPUESTO(IDPRESUPUESTO,CODPRODUCTO,CANTPRODUTO,MONTOITEM) values(296,'cam001',3,346)
insert into CT_ITEMPRESUPUESTO(IDPRESUPUESTO,CODPRODUCTO,CANTPRODUTO,MONTOITEM) values(298,'cam008',5,388)
insert into CT_ITEMPRESUPUESTO(IDPRESUPUESTO,CODPRODUCTO,CANTPRODUTO,MONTOITEM) values(300,'cam003',3,1095)
insert into CT_ITEMPRESUPUESTO(IDPRESUPUESTO,CODPRODUCTO,CANTPRODUTO,MONTOITEM) values(302,'cam001',4,346)
insert into CT_ITEMPRESUPUESTO(IDPRESUPUESTO,CODPRODUCTO,CANTPRODUTO,MONTOITEM) values(304,'cam001',3,346)
insert into CT_ITEMPRESUPUESTO(IDPRESUPUESTO,CODPRODUCTO,CANTPRODUTO,MONTOITEM) values(306,'cam008',4,388)
insert into CT_ITEMPRESUPUESTO(IDPRESUPUESTO,CODPRODUCTO,CANTPRODUTO,MONTOITEM) values(308,'cam008',5,388)
insert into CT_ITEMPRESUPUESTO(IDPRESUPUESTO,CODPRODUCTO,CANTPRODUTO,MONTOITEM) values(310,'cam001',5,346)
insert into CT_ITEMPRESUPUESTO(IDPRESUPUESTO,CODPRODUCTO,CANTPRODUTO,MONTOITEM) values(312,'cam008',4,388)
insert into CT_ITEMPRESUPUESTO(IDPRESUPUESTO,CODPRODUCTO,CANTPRODUTO,MONTOITEM) values(314,'cam003',4,1095)
insert into CT_ITEMPRESUPUESTO(IDPRESUPUESTO,CODPRODUCTO,CANTPRODUTO,MONTOITEM) values(316,'cam003',3,1095)
insert into CT_ITEMPRESUPUESTO(IDPRESUPUESTO,CODPRODUCTO,CANTPRODUTO,MONTOITEM) values(318,'cam003',3,1095)
insert into CT_ITEMPRESUPUESTO(IDPRESUPUESTO,CODPRODUCTO,CANTPRODUTO,MONTOITEM) values(320,'cam003',5,1095)
insert into CT_ITEMPRESUPUESTO(IDPRESUPUESTO,CODPRODUCTO,CANTPRODUTO,MONTOITEM) values(322,'cam003',4,1095)
insert into CT_ITEMPRESUPUESTO(IDPRESUPUESTO,CODPRODUCTO,CANTPRODUTO,MONTOITEM) values(324,'cam003',5,1095)
insert into CT_ITEMPRESUPUESTO(IDPRESUPUESTO,CODPRODUCTO,CANTPRODUTO,MONTOITEM) values(326,'cam008',5,388)
insert into CT_ITEMPRESUPUESTO(IDPRESUPUESTO,CODPRODUCTO,CANTPRODUTO,MONTOITEM) values(328,'cam003',4,1095)
insert into CT_ITEMPRESUPUESTO(IDPRESUPUESTO,CODPRODUCTO,CANTPRODUTO,MONTOITEM) values(330,'cam003',3,1095)
insert into CT_ITEMPRESUPUESTO(IDPRESUPUESTO,CODPRODUCTO,CANTPRODUTO,MONTOITEM) values(332,'cam001',5,346)
insert into CT_ITEMPRESUPUESTO(IDPRESUPUESTO,CODPRODUCTO,CANTPRODUTO,MONTOITEM) values(334,'cam001',4,346)
insert into CT_ITEMPRESUPUESTO(IDPRESUPUESTO,CODPRODUCTO,CANTPRODUTO,MONTOITEM) values(336,'cam003',5,1095)
insert into CT_ITEMPRESUPUESTO(IDPRESUPUESTO,CODPRODUCTO,CANTPRODUTO,MONTOITEM) values(338,'cam003',3,1095)
insert into CT_ITEMPRESUPUESTO(IDPRESUPUESTO,CODPRODUCTO,CANTPRODUTO,MONTOITEM) values(340,'cam003',4,1095)
insert into CT_ITEMPRESUPUESTO(IDPRESUPUESTO,CODPRODUCTO,CANTPRODUTO,MONTOITEM) values(342,'cam008',4,388)
insert into CT_ITEMPRESUPUESTO(IDPRESUPUESTO,CODPRODUCTO,CANTPRODUTO,MONTOITEM) values(344,'cam001',3,346)
insert into CT_ITEMPRESUPUESTO(IDPRESUPUESTO,CODPRODUCTO,CANTPRODUTO,MONTOITEM) values(346,'cam003',5,1095)
insert into CT_ITEMPRESUPUESTO(IDPRESUPUESTO,CODPRODUCTO,CANTPRODUTO,MONTOITEM) values(348,'cam003',4,1095)
insert into CT_ITEMPRESUPUESTO(IDPRESUPUESTO,CODPRODUCTO,CANTPRODUTO,MONTOITEM) values(350,'cam001',4,346)
insert into CT_ITEMPRESUPUESTO(IDPRESUPUESTO,CODPRODUCTO,CANTPRODUTO,MONTOITEM) values(352,'cam008',4,388)
insert into CT_ITEMPRESUPUESTO(IDPRESUPUESTO,CODPRODUCTO,CANTPRODUTO,MONTOITEM) values(354,'cam001',4,346)
insert into CT_ITEMPRESUPUESTO(IDPRESUPUESTO,CODPRODUCTO,CANTPRODUTO,MONTOITEM) values(356,'cam003',5,1095)
insert into CT_ITEMPRESUPUESTO(IDPRESUPUESTO,CODPRODUCTO,CANTPRODUTO,MONTOITEM) values(358,'cam001',3,346)
insert into CT_ITEMPRESUPUESTO(IDPRESUPUESTO,CODPRODUCTO,CANTPRODUTO,MONTOITEM) values(360,'cam003',3,1095)
insert into CT_ITEMPRESUPUESTO(IDPRESUPUESTO,CODPRODUCTO,CANTPRODUTO,MONTOITEM) values(362,'cam008',4,388)
insert into CT_ITEMPRESUPUESTO(IDPRESUPUESTO,CODPRODUCTO,CANTPRODUTO,MONTOITEM) values(364,'cam003',4,1095)
insert into CT_ITEMPRESUPUESTO(IDPRESUPUESTO,CODPRODUCTO,CANTPRODUTO,MONTOITEM) values(366,'cam001',3,346)
insert into CT_ITEMPRESUPUESTO(IDPRESUPUESTO,CODPRODUCTO,CANTPRODUTO,MONTOITEM) values(368,'cam008',5,388)
insert into CT_ITEMPRESUPUESTO(IDPRESUPUESTO,CODPRODUCTO,CANTPRODUTO,MONTOITEM) values(370,'cam008',5,388)
insert into CT_ITEMPRESUPUESTO(IDPRESUPUESTO,CODPRODUCTO,CANTPRODUTO,MONTOITEM) values(372,'cam001',3,346)
insert into CT_ITEMPRESUPUESTO(IDPRESUPUESTO,CODPRODUCTO,CANTPRODUTO,MONTOITEM) values(374,'cam001',3,346)
insert into CT_ITEMPRESUPUESTO(IDPRESUPUESTO,CODPRODUCTO,CANTPRODUTO,MONTOITEM) values(2,'cam003',5,1095)
insert into CT_ITEMPRESUPUESTO(IDPRESUPUESTO,CODPRODUCTO,CANTPRODUTO,MONTOITEM) values(4,'cam001',5,346)
insert into CT_ITEMPRESUPUESTO(IDPRESUPUESTO,CODPRODUCTO,CANTPRODUTO,MONTOITEM) values(6,'cam008',3,388)
insert into CT_ITEMPRESUPUESTO(IDPRESUPUESTO,CODPRODUCTO,CANTPRODUTO,MONTOITEM) values(8,'cam008',4,388)
insert into CT_ITEMPRESUPUESTO(IDPRESUPUESTO,CODPRODUCTO,CANTPRODUTO,MONTOITEM) values(10,'cam001',3,346)
insert into CT_ITEMPRESUPUESTO(IDPRESUPUESTO,CODPRODUCTO,CANTPRODUTO,MONTOITEM) values(12,'cam008',3,388)
insert into CT_ITEMPRESUPUESTO(IDPRESUPUESTO,CODPRODUCTO,CANTPRODUTO,MONTOITEM) values(14,'cam003',5,1095)
insert into CT_ITEMPRESUPUESTO(IDPRESUPUESTO,CODPRODUCTO,CANTPRODUTO,MONTOITEM) values(16,'cam003',5,1095)
insert into CT_ITEMPRESUPUESTO(IDPRESUPUESTO,CODPRODUCTO,CANTPRODUTO,MONTOITEM) values(18,'cam008',5,388)
insert into CT_ITEMPRESUPUESTO(IDPRESUPUESTO,CODPRODUCTO,CANTPRODUTO,MONTOITEM) values(20,'cam008',3,388)
insert into CT_ITEMPRESUPUESTO(IDPRESUPUESTO,CODPRODUCTO,CANTPRODUTO,MONTOITEM) values(22,'cam001',5,346)
insert into CT_ITEMPRESUPUESTO(IDPRESUPUESTO,CODPRODUCTO,CANTPRODUTO,MONTOITEM) values(24,'cam001',5,346)
insert into CT_ITEMPRESUPUESTO(IDPRESUPUESTO,CODPRODUCTO,CANTPRODUTO,MONTOITEM) values(26,'cam008',4,388)
insert into CT_ITEMPRESUPUESTO(IDPRESUPUESTO,CODPRODUCTO,CANTPRODUTO,MONTOITEM) values(28,'cam003',5,1095)
insert into CT_ITEMPRESUPUESTO(IDPRESUPUESTO,CODPRODUCTO,CANTPRODUTO,MONTOITEM) values(30,'cam003',4,1095)
insert into CT_ITEMPRESUPUESTO(IDPRESUPUESTO,CODPRODUCTO,CANTPRODUTO,MONTOITEM) values(32,'cam003',3,1095)
insert into CT_ITEMPRESUPUESTO(IDPRESUPUESTO,CODPRODUCTO,CANTPRODUTO,MONTOITEM) values(34,'cam003',5,1095)
insert into CT_ITEMPRESUPUESTO(IDPRESUPUESTO,CODPRODUCTO,CANTPRODUTO,MONTOITEM) values(36,'cam001',3,346)
insert into CT_ITEMPRESUPUESTO(IDPRESUPUESTO,CODPRODUCTO,CANTPRODUTO,MONTOITEM) values(38,'cam001',5,346)
insert into CT_ITEMPRESUPUESTO(IDPRESUPUESTO,CODPRODUCTO,CANTPRODUTO,MONTOITEM) values(40,'cam001',3,346)
insert into CT_ITEMPRESUPUESTO(IDPRESUPUESTO,CODPRODUCTO,CANTPRODUTO,MONTOITEM) values(42,'cam008',5,388)
insert into CT_ITEMPRESUPUESTO(IDPRESUPUESTO,CODPRODUCTO,CANTPRODUTO,MONTOITEM) values(44,'cam008',3,388)
insert into CT_ITEMPRESUPUESTO(IDPRESUPUESTO,CODPRODUCTO,CANTPRODUTO,MONTOITEM) values(46,'cam008',4,388)
insert into CT_ITEMPRESUPUESTO(IDPRESUPUESTO,CODPRODUCTO,CANTPRODUTO,MONTOITEM) values(48,'cam001',5,346)
insert into CT_ITEMPRESUPUESTO(IDPRESUPUESTO,CODPRODUCTO,CANTPRODUTO,MONTOITEM) values(50,'cam008',5,388)
insert into CT_ITEMPRESUPUESTO(IDPRESUPUESTO,CODPRODUCTO,CANTPRODUTO,MONTOITEM) values(52,'cam008',4,388)
insert into CT_ITEMPRESUPUESTO(IDPRESUPUESTO,CODPRODUCTO,CANTPRODUTO,MONTOITEM) values(54,'cam001',3,346)
insert into CT_ITEMPRESUPUESTO(IDPRESUPUESTO,CODPRODUCTO,CANTPRODUTO,MONTOITEM) values(56,'cam001',4,346)
insert into CT_ITEMPRESUPUESTO(IDPRESUPUESTO,CODPRODUCTO,CANTPRODUTO,MONTOITEM) values(58,'cam001',4,346)
insert into CT_ITEMPRESUPUESTO(IDPRESUPUESTO,CODPRODUCTO,CANTPRODUTO,MONTOITEM) values(60,'cam003',4,1095)
insert into CT_ITEMPRESUPUESTO(IDPRESUPUESTO,CODPRODUCTO,CANTPRODUTO,MONTOITEM) values(62,'cam001',5,346)
insert into CT_ITEMPRESUPUESTO(IDPRESUPUESTO,CODPRODUCTO,CANTPRODUTO,MONTOITEM) values(64,'cam001',4,346)
insert into CT_ITEMPRESUPUESTO(IDPRESUPUESTO,CODPRODUCTO,CANTPRODUTO,MONTOITEM) values(66,'cam008',3,388)
insert into CT_ITEMPRESUPUESTO(IDPRESUPUESTO,CODPRODUCTO,CANTPRODUTO,MONTOITEM) values(68,'cam003',5,1095)
insert into CT_ITEMPRESUPUESTO(IDPRESUPUESTO,CODPRODUCTO,CANTPRODUTO,MONTOITEM) values(70,'cam003',4,1095)
insert into CT_ITEMPRESUPUESTO(IDPRESUPUESTO,CODPRODUCTO,CANTPRODUTO,MONTOITEM) values(72,'cam008',3,388)
insert into CT_ITEMPRESUPUESTO(IDPRESUPUESTO,CODPRODUCTO,CANTPRODUTO,MONTOITEM) values(74,'cam008',4,388)
insert into CT_ITEMPRESUPUESTO(IDPRESUPUESTO,CODPRODUCTO,CANTPRODUTO,MONTOITEM) values(76,'cam001',4,346)
insert into CT_ITEMPRESUPUESTO(IDPRESUPUESTO,CODPRODUCTO,CANTPRODUTO,MONTOITEM) values(78,'cam008',3,388)
insert into CT_ITEMPRESUPUESTO(IDPRESUPUESTO,CODPRODUCTO,CANTPRODUTO,MONTOITEM) values(80,'cam003',5,1095)
insert into CT_ITEMPRESUPUESTO(IDPRESUPUESTO,CODPRODUCTO,CANTPRODUTO,MONTOITEM) values(82,'cam003',5,1095)
insert into CT_ITEMPRESUPUESTO(IDPRESUPUESTO,CODPRODUCTO,CANTPRODUTO,MONTOITEM) values(84,'cam003',3,1095)
insert into CT_ITEMPRESUPUESTO(IDPRESUPUESTO,CODPRODUCTO,CANTPRODUTO,MONTOITEM) values(86,'cam008',4,388)
insert into CT_ITEMPRESUPUESTO(IDPRESUPUESTO,CODPRODUCTO,CANTPRODUTO,MONTOITEM) values(88,'cam003',5,1095)
insert into CT_ITEMPRESUPUESTO(IDPRESUPUESTO,CODPRODUCTO,CANTPRODUTO,MONTOITEM) values(90,'cam003',5,1095)
insert into CT_ITEMPRESUPUESTO(IDPRESUPUESTO,CODPRODUCTO,CANTPRODUTO,MONTOITEM) values(92,'cam001',4,346)
insert into CT_ITEMPRESUPUESTO(IDPRESUPUESTO,CODPRODUCTO,CANTPRODUTO,MONTOITEM) values(94,'cam001',5,346)
insert into CT_ITEMPRESUPUESTO(IDPRESUPUESTO,CODPRODUCTO,CANTPRODUTO,MONTOITEM) values(96,'cam008',4,388)
insert into CT_ITEMPRESUPUESTO(IDPRESUPUESTO,CODPRODUCTO,CANTPRODUTO,MONTOITEM) values(98,'cam001',4,346)
insert into CT_ITEMPRESUPUESTO(IDPRESUPUESTO,CODPRODUCTO,CANTPRODUTO,MONTOITEM) values(100,'cam008',3,388)
insert into CT_ITEMPRESUPUESTO(IDPRESUPUESTO,CODPRODUCTO,CANTPRODUTO,MONTOITEM) values(102,'cam003',4,1095)
insert into CT_ITEMPRESUPUESTO(IDPRESUPUESTO,CODPRODUCTO,CANTPRODUTO,MONTOITEM) values(104,'cam001',5,346)
insert into CT_ITEMPRESUPUESTO(IDPRESUPUESTO,CODPRODUCTO,CANTPRODUTO,MONTOITEM) values(106,'cam008',4,388)
insert into CT_ITEMPRESUPUESTO(IDPRESUPUESTO,CODPRODUCTO,CANTPRODUTO,MONTOITEM) values(108,'cam008',4,388)
insert into CT_ITEMPRESUPUESTO(IDPRESUPUESTO,CODPRODUCTO,CANTPRODUTO,MONTOITEM) values(110,'cam003',3,1095)
insert into CT_ITEMPRESUPUESTO(IDPRESUPUESTO,CODPRODUCTO,CANTPRODUTO,MONTOITEM) values(112,'cam008',4,388)
insert into CT_ITEMPRESUPUESTO(IDPRESUPUESTO,CODPRODUCTO,CANTPRODUTO,MONTOITEM) values(114,'cam001',5,346)
insert into CT_ITEMPRESUPUESTO(IDPRESUPUESTO,CODPRODUCTO,CANTPRODUTO,MONTOITEM) values(116,'cam001',4,346)
insert into CT_ITEMPRESUPUESTO(IDPRESUPUESTO,CODPRODUCTO,CANTPRODUTO,MONTOITEM) values(118,'cam008',4,388)
insert into CT_ITEMPRESUPUESTO(IDPRESUPUESTO,CODPRODUCTO,CANTPRODUTO,MONTOITEM) values(120,'cam003',5,1095)
insert into CT_ITEMPRESUPUESTO(IDPRESUPUESTO,CODPRODUCTO,CANTPRODUTO,MONTOITEM) values(122,'cam003',5,1095)
insert into CT_ITEMPRESUPUESTO(IDPRESUPUESTO,CODPRODUCTO,CANTPRODUTO,MONTOITEM) values(124,'cam003',5,1095)
insert into CT_ITEMPRESUPUESTO(IDPRESUPUESTO,CODPRODUCTO,CANTPRODUTO,MONTOITEM) values(126,'cam001',3,346)
insert into CT_ITEMPRESUPUESTO(IDPRESUPUESTO,CODPRODUCTO,CANTPRODUTO,MONTOITEM) values(128,'cam003',3,1095)
insert into CT_ITEMPRESUPUESTO(IDPRESUPUESTO,CODPRODUCTO,CANTPRODUTO,MONTOITEM) values(130,'cam003',5,1095)
insert into CT_ITEMPRESUPUESTO(IDPRESUPUESTO,CODPRODUCTO,CANTPRODUTO,MONTOITEM) values(132,'cam003',3,1095)
insert into CT_ITEMPRESUPUESTO(IDPRESUPUESTO,CODPRODUCTO,CANTPRODUTO,MONTOITEM) values(134,'cam008',3,388)
insert into CT_ITEMPRESUPUESTO(IDPRESUPUESTO,CODPRODUCTO,CANTPRODUTO,MONTOITEM) values(136,'cam001',3,346)
insert into CT_ITEMPRESUPUESTO(IDPRESUPUESTO,CODPRODUCTO,CANTPRODUTO,MONTOITEM) values(138,'cam001',5,346)
insert into CT_ITEMPRESUPUESTO(IDPRESUPUESTO,CODPRODUCTO,CANTPRODUTO,MONTOITEM) values(140,'cam001',5,346)
insert into CT_ITEMPRESUPUESTO(IDPRESUPUESTO,CODPRODUCTO,CANTPRODUTO,MONTOITEM) values(142,'cam008',3,388)
insert into CT_ITEMPRESUPUESTO(IDPRESUPUESTO,CODPRODUCTO,CANTPRODUTO,MONTOITEM) values(144,'cam003',3,1095)
insert into CT_ITEMPRESUPUESTO(IDPRESUPUESTO,CODPRODUCTO,CANTPRODUTO,MONTOITEM) values(146,'cam008',3,388)
insert into CT_ITEMPRESUPUESTO(IDPRESUPUESTO,CODPRODUCTO,CANTPRODUTO,MONTOITEM) values(148,'cam001',4,346)
insert into CT_ITEMPRESUPUESTO(IDPRESUPUESTO,CODPRODUCTO,CANTPRODUTO,MONTOITEM) values(150,'cam003',3,1095)
insert into CT_ITEMPRESUPUESTO(IDPRESUPUESTO,CODPRODUCTO,CANTPRODUTO,MONTOITEM) values(152,'cam001',4,346)
insert into CT_ITEMPRESUPUESTO(IDPRESUPUESTO,CODPRODUCTO,CANTPRODUTO,MONTOITEM) values(154,'cam008',3,388)
insert into CT_ITEMPRESUPUESTO(IDPRESUPUESTO,CODPRODUCTO,CANTPRODUTO,MONTOITEM) values(156,'cam001',4,346)
insert into CT_ITEMPRESUPUESTO(IDPRESUPUESTO,CODPRODUCTO,CANTPRODUTO,MONTOITEM) values(158,'cam001',5,346)
insert into CT_ITEMPRESUPUESTO(IDPRESUPUESTO,CODPRODUCTO,CANTPRODUTO,MONTOITEM) values(160,'cam008',5,388)
insert into CT_ITEMPRESUPUESTO(IDPRESUPUESTO,CODPRODUCTO,CANTPRODUTO,MONTOITEM) values(162,'cam003',5,1095)
insert into CT_ITEMPRESUPUESTO(IDPRESUPUESTO,CODPRODUCTO,CANTPRODUTO,MONTOITEM) values(164,'cam001',3,346)
insert into CT_ITEMPRESUPUESTO(IDPRESUPUESTO,CODPRODUCTO,CANTPRODUTO,MONTOITEM) values(166,'cam003',3,1095)
insert into CT_ITEMPRESUPUESTO(IDPRESUPUESTO,CODPRODUCTO,CANTPRODUTO,MONTOITEM) values(168,'cam001',3,346)
insert into CT_ITEMPRESUPUESTO(IDPRESUPUESTO,CODPRODUCTO,CANTPRODUTO,MONTOITEM) values(170,'cam003',4,1095)
insert into CT_ITEMPRESUPUESTO(IDPRESUPUESTO,CODPRODUCTO,CANTPRODUTO,MONTOITEM) values(172,'cam001',4,346)
insert into CT_ITEMPRESUPUESTO(IDPRESUPUESTO,CODPRODUCTO,CANTPRODUTO,MONTOITEM) values(174,'cam003',3,1095)
insert into CT_ITEMPRESUPUESTO(IDPRESUPUESTO,CODPRODUCTO,CANTPRODUTO,MONTOITEM) values(176,'cam008',3,388)
insert into CT_ITEMPRESUPUESTO(IDPRESUPUESTO,CODPRODUCTO,CANTPRODUTO,MONTOITEM) values(178,'cam001',4,346)
insert into CT_ITEMPRESUPUESTO(IDPRESUPUESTO,CODPRODUCTO,CANTPRODUTO,MONTOITEM) values(180,'cam008',4,388)
insert into CT_ITEMPRESUPUESTO(IDPRESUPUESTO,CODPRODUCTO,CANTPRODUTO,MONTOITEM) values(182,'cam001',4,346)
insert into CT_ITEMPRESUPUESTO(IDPRESUPUESTO,CODPRODUCTO,CANTPRODUTO,MONTOITEM) values(184,'cam003',5,1095)
insert into CT_ITEMPRESUPUESTO(IDPRESUPUESTO,CODPRODUCTO,CANTPRODUTO,MONTOITEM) values(186,'cam003',4,1095)
insert into CT_ITEMPRESUPUESTO(IDPRESUPUESTO,CODPRODUCTO,CANTPRODUTO,MONTOITEM) values(188,'cam001',3,346)
insert into CT_ITEMPRESUPUESTO(IDPRESUPUESTO,CODPRODUCTO,CANTPRODUTO,MONTOITEM) values(190,'cam008',5,388)
insert into CT_ITEMPRESUPUESTO(IDPRESUPUESTO,CODPRODUCTO,CANTPRODUTO,MONTOITEM) values(192,'cam003',5,1095)
insert into CT_ITEMPRESUPUESTO(IDPRESUPUESTO,CODPRODUCTO,CANTPRODUTO,MONTOITEM) values(194,'cam008',5,388)
insert into CT_ITEMPRESUPUESTO(IDPRESUPUESTO,CODPRODUCTO,CANTPRODUTO,MONTOITEM) values(196,'cam003',3,1095)
insert into CT_ITEMPRESUPUESTO(IDPRESUPUESTO,CODPRODUCTO,CANTPRODUTO,MONTOITEM) values(198,'cam003',4,1095)
insert into CT_ITEMPRESUPUESTO(IDPRESUPUESTO,CODPRODUCTO,CANTPRODUTO,MONTOITEM) values(200,'cam001',3,346)
insert into CT_ITEMPRESUPUESTO(IDPRESUPUESTO,CODPRODUCTO,CANTPRODUTO,MONTOITEM) values(202,'cam003',4,1095)
insert into CT_ITEMPRESUPUESTO(IDPRESUPUESTO,CODPRODUCTO,CANTPRODUTO,MONTOITEM) values(204,'cam003',3,1095)
insert into CT_ITEMPRESUPUESTO(IDPRESUPUESTO,CODPRODUCTO,CANTPRODUTO,MONTOITEM) values(206,'cam008',5,388)
insert into CT_ITEMPRESUPUESTO(IDPRESUPUESTO,CODPRODUCTO,CANTPRODUTO,MONTOITEM) values(208,'cam003',5,1095)
insert into CT_ITEMPRESUPUESTO(IDPRESUPUESTO,CODPRODUCTO,CANTPRODUTO,MONTOITEM) values(210,'cam003',4,1095)
insert into CT_ITEMPRESUPUESTO(IDPRESUPUESTO,CODPRODUCTO,CANTPRODUTO,MONTOITEM) values(212,'cam003',4,1095)
insert into CT_ITEMPRESUPUESTO(IDPRESUPUESTO,CODPRODUCTO,CANTPRODUTO,MONTOITEM) values(214,'cam008',3,388)
insert into CT_ITEMPRESUPUESTO(IDPRESUPUESTO,CODPRODUCTO,CANTPRODUTO,MONTOITEM) values(216,'cam001',4,346)
insert into CT_ITEMPRESUPUESTO(IDPRESUPUESTO,CODPRODUCTO,CANTPRODUTO,MONTOITEM) values(218,'cam001',4,346)
insert into CT_ITEMPRESUPUESTO(IDPRESUPUESTO,CODPRODUCTO,CANTPRODUTO,MONTOITEM) values(220,'cam001',5,346)
insert into CT_ITEMPRESUPUESTO(IDPRESUPUESTO,CODPRODUCTO,CANTPRODUTO,MONTOITEM) values(222,'cam003',5,1095)
insert into CT_ITEMPRESUPUESTO(IDPRESUPUESTO,CODPRODUCTO,CANTPRODUTO,MONTOITEM) values(224,'cam001',3,346)
insert into CT_ITEMPRESUPUESTO(IDPRESUPUESTO,CODPRODUCTO,CANTPRODUTO,MONTOITEM) values(226,'cam001',3,346)
insert into CT_ITEMPRESUPUESTO(IDPRESUPUESTO,CODPRODUCTO,CANTPRODUTO,MONTOITEM) values(228,'cam008',5,388)
insert into CT_ITEMPRESUPUESTO(IDPRESUPUESTO,CODPRODUCTO,CANTPRODUTO,MONTOITEM) values(230,'cam001',4,346)
insert into CT_ITEMPRESUPUESTO(IDPRESUPUESTO,CODPRODUCTO,CANTPRODUTO,MONTOITEM) values(232,'cam001',4,346)
insert into CT_ITEMPRESUPUESTO(IDPRESUPUESTO,CODPRODUCTO,CANTPRODUTO,MONTOITEM) values(234,'cam008',5,388)
insert into CT_ITEMPRESUPUESTO(IDPRESUPUESTO,CODPRODUCTO,CANTPRODUTO,MONTOITEM) values(236,'cam008',5,388)
insert into CT_ITEMPRESUPUESTO(IDPRESUPUESTO,CODPRODUCTO,CANTPRODUTO,MONTOITEM) values(238,'cam003',4,1095)
insert into CT_ITEMPRESUPUESTO(IDPRESUPUESTO,CODPRODUCTO,CANTPRODUTO,MONTOITEM) values(240,'cam008',3,388)
insert into CT_ITEMPRESUPUESTO(IDPRESUPUESTO,CODPRODUCTO,CANTPRODUTO,MONTOITEM) values(242,'cam001',4,346)
insert into CT_ITEMPRESUPUESTO(IDPRESUPUESTO,CODPRODUCTO,CANTPRODUTO,MONTOITEM) values(244,'cam003',3,1095)
insert into CT_ITEMPRESUPUESTO(IDPRESUPUESTO,CODPRODUCTO,CANTPRODUTO,MONTOITEM) values(246,'cam003',4,1095)
insert into CT_ITEMPRESUPUESTO(IDPRESUPUESTO,CODPRODUCTO,CANTPRODUTO,MONTOITEM) values(248,'cam008',4,388)
insert into CT_ITEMPRESUPUESTO(IDPRESUPUESTO,CODPRODUCTO,CANTPRODUTO,MONTOITEM) values(250,'cam001',3,346)
insert into CT_ITEMPRESUPUESTO(IDPRESUPUESTO,CODPRODUCTO,CANTPRODUTO,MONTOITEM) values(252,'cam001',3,346)
insert into CT_ITEMPRESUPUESTO(IDPRESUPUESTO,CODPRODUCTO,CANTPRODUTO,MONTOITEM) values(254,'cam001',5,346)
insert into CT_ITEMPRESUPUESTO(IDPRESUPUESTO,CODPRODUCTO,CANTPRODUTO,MONTOITEM) values(256,'cam003',5,1095)
insert into CT_ITEMPRESUPUESTO(IDPRESUPUESTO,CODPRODUCTO,CANTPRODUTO,MONTOITEM) values(258,'cam001',3,346)
insert into CT_ITEMPRESUPUESTO(IDPRESUPUESTO,CODPRODUCTO,CANTPRODUTO,MONTOITEM) values(260,'cam008',5,388)
insert into CT_ITEMPRESUPUESTO(IDPRESUPUESTO,CODPRODUCTO,CANTPRODUTO,MONTOITEM) values(262,'cam001',3,346)
insert into CT_ITEMPRESUPUESTO(IDPRESUPUESTO,CODPRODUCTO,CANTPRODUTO,MONTOITEM) values(264,'cam008',3,388)
insert into CT_ITEMPRESUPUESTO(IDPRESUPUESTO,CODPRODUCTO,CANTPRODUTO,MONTOITEM) values(266,'cam001',5,346)
insert into CT_ITEMPRESUPUESTO(IDPRESUPUESTO,CODPRODUCTO,CANTPRODUTO,MONTOITEM) values(268,'cam008',4,388)
insert into CT_ITEMPRESUPUESTO(IDPRESUPUESTO,CODPRODUCTO,CANTPRODUTO,MONTOITEM) values(270,'cam001',3,346)
insert into CT_ITEMPRESUPUESTO(IDPRESUPUESTO,CODPRODUCTO,CANTPRODUTO,MONTOITEM) values(272,'cam003',3,1095)
insert into CT_ITEMPRESUPUESTO(IDPRESUPUESTO,CODPRODUCTO,CANTPRODUTO,MONTOITEM) values(274,'cam001',4,346)
insert into CT_ITEMPRESUPUESTO(IDPRESUPUESTO,CODPRODUCTO,CANTPRODUTO,MONTOITEM) values(276,'cam003',4,1095)
insert into CT_ITEMPRESUPUESTO(IDPRESUPUESTO,CODPRODUCTO,CANTPRODUTO,MONTOITEM) values(278,'cam003',3,1095)
insert into CT_ITEMPRESUPUESTO(IDPRESUPUESTO,CODPRODUCTO,CANTPRODUTO,MONTOITEM) values(280,'cam003',4,1095)
insert into CT_ITEMPRESUPUESTO(IDPRESUPUESTO,CODPRODUCTO,CANTPRODUTO,MONTOITEM) values(282,'cam003',4,1095)
insert into CT_ITEMPRESUPUESTO(IDPRESUPUESTO,CODPRODUCTO,CANTPRODUTO,MONTOITEM) values(284,'cam008',4,388)
insert into CT_ITEMPRESUPUESTO(IDPRESUPUESTO,CODPRODUCTO,CANTPRODUTO,MONTOITEM) values(286,'cam008',3,388)
insert into CT_ITEMPRESUPUESTO(IDPRESUPUESTO,CODPRODUCTO,CANTPRODUTO,MONTOITEM) values(288,'cam001',5,346)
insert into CT_ITEMPRESUPUESTO(IDPRESUPUESTO,CODPRODUCTO,CANTPRODUTO,MONTOITEM) values(290,'cam008',3,388)
insert into CT_ITEMPRESUPUESTO(IDPRESUPUESTO,CODPRODUCTO,CANTPRODUTO,MONTOITEM) values(292,'cam008',5,388)
insert into CT_ITEMPRESUPUESTO(IDPRESUPUESTO,CODPRODUCTO,CANTPRODUTO,MONTOITEM) values(294,'cam003',4,1095)
insert into CT_ITEMPRESUPUESTO(IDPRESUPUESTO,CODPRODUCTO,CANTPRODUTO,MONTOITEM) values(296,'cam001',5,346)
insert into CT_ITEMPRESUPUESTO(IDPRESUPUESTO,CODPRODUCTO,CANTPRODUTO,MONTOITEM) values(298,'cam008',5,388)
insert into CT_ITEMPRESUPUESTO(IDPRESUPUESTO,CODPRODUCTO,CANTPRODUTO,MONTOITEM) values(300,'cam003',3,1095)
insert into CT_ITEMPRESUPUESTO(IDPRESUPUESTO,CODPRODUCTO,CANTPRODUTO,MONTOITEM) values(302,'cam001',5,346)
insert into CT_ITEMPRESUPUESTO(IDPRESUPUESTO,CODPRODUCTO,CANTPRODUTO,MONTOITEM) values(304,'cam001',5,346)
insert into CT_ITEMPRESUPUESTO(IDPRESUPUESTO,CODPRODUCTO,CANTPRODUTO,MONTOITEM) values(306,'cam008',5,388)
insert into CT_ITEMPRESUPUESTO(IDPRESUPUESTO,CODPRODUCTO,CANTPRODUTO,MONTOITEM) values(308,'cam008',4,388)
insert into CT_ITEMPRESUPUESTO(IDPRESUPUESTO,CODPRODUCTO,CANTPRODUTO,MONTOITEM) values(310,'cam003',4,1095)
insert into CT_ITEMPRESUPUESTO(IDPRESUPUESTO,CODPRODUCTO,CANTPRODUTO,MONTOITEM) values(312,'cam003',4,1095)
insert into CT_ITEMPRESUPUESTO(IDPRESUPUESTO,CODPRODUCTO,CANTPRODUTO,MONTOITEM) values(314,'cam008',5,388)
insert into CT_ITEMPRESUPUESTO(IDPRESUPUESTO,CODPRODUCTO,CANTPRODUTO,MONTOITEM) values(316,'cam001',5,346)
insert into CT_ITEMPRESUPUESTO(IDPRESUPUESTO,CODPRODUCTO,CANTPRODUTO,MONTOITEM) values(318,'cam001',4,346)
insert into CT_ITEMPRESUPUESTO(IDPRESUPUESTO,CODPRODUCTO,CANTPRODUTO,MONTOITEM) values(320,'cam001',3,346)
insert into CT_ITEMPRESUPUESTO(IDPRESUPUESTO,CODPRODUCTO,CANTPRODUTO,MONTOITEM) values(322,'cam003',3,1095)
insert into CT_ITEMPRESUPUESTO(IDPRESUPUESTO,CODPRODUCTO,CANTPRODUTO,MONTOITEM) values(324,'cam001',3,346)
insert into CT_ITEMPRESUPUESTO(IDPRESUPUESTO,CODPRODUCTO,CANTPRODUTO,MONTOITEM) values(326,'cam008',4,388)
insert into CT_ITEMPRESUPUESTO(IDPRESUPUESTO,CODPRODUCTO,CANTPRODUTO,MONTOITEM) values(328,'cam008',4,388)
insert into CT_ITEMPRESUPUESTO(IDPRESUPUESTO,CODPRODUCTO,CANTPRODUTO,MONTOITEM) values(330,'cam008',3,388)
insert into CT_ITEMPRESUPUESTO(IDPRESUPUESTO,CODPRODUCTO,CANTPRODUTO,MONTOITEM) values(332,'cam001',3,346)
insert into CT_ITEMPRESUPUESTO(IDPRESUPUESTO,CODPRODUCTO,CANTPRODUTO,MONTOITEM) values(334,'cam008',3,388)
insert into CT_ITEMPRESUPUESTO(IDPRESUPUESTO,CODPRODUCTO,CANTPRODUTO,MONTOITEM) values(336,'cam001',5,346)
insert into CT_ITEMPRESUPUESTO(IDPRESUPUESTO,CODPRODUCTO,CANTPRODUTO,MONTOITEM) values(338,'cam001',5,346)
insert into CT_ITEMPRESUPUESTO(IDPRESUPUESTO,CODPRODUCTO,CANTPRODUTO,MONTOITEM) values(340,'cam001',4,346)
insert into CT_ITEMPRESUPUESTO(IDPRESUPUESTO,CODPRODUCTO,CANTPRODUTO,MONTOITEM) values(342,'cam008',3,388)
insert into CT_ITEMPRESUPUESTO(IDPRESUPUESTO,CODPRODUCTO,CANTPRODUTO,MONTOITEM) values(344,'cam008',3,388)
insert into CT_ITEMPRESUPUESTO(IDPRESUPUESTO,CODPRODUCTO,CANTPRODUTO,MONTOITEM) values(346,'cam003',4,1095)
insert into CT_ITEMPRESUPUESTO(IDPRESUPUESTO,CODPRODUCTO,CANTPRODUTO,MONTOITEM) values(348,'cam008',3,388)
insert into CT_ITEMPRESUPUESTO(IDPRESUPUESTO,CODPRODUCTO,CANTPRODUTO,MONTOITEM) values(350,'cam001',4,346)
insert into CT_ITEMPRESUPUESTO(IDPRESUPUESTO,CODPRODUCTO,CANTPRODUTO,MONTOITEM) values(352,'cam008',4,388)
insert into CT_ITEMPRESUPUESTO(IDPRESUPUESTO,CODPRODUCTO,CANTPRODUTO,MONTOITEM) values(354,'cam008',3,388)
insert into CT_ITEMPRESUPUESTO(IDPRESUPUESTO,CODPRODUCTO,CANTPRODUTO,MONTOITEM) values(356,'cam008',4,388)
insert into CT_ITEMPRESUPUESTO(IDPRESUPUESTO,CODPRODUCTO,CANTPRODUTO,MONTOITEM) values(358,'cam001',5,346)
insert into CT_ITEMPRESUPUESTO(IDPRESUPUESTO,CODPRODUCTO,CANTPRODUTO,MONTOITEM) values(360,'cam001',3,346)
insert into CT_ITEMPRESUPUESTO(IDPRESUPUESTO,CODPRODUCTO,CANTPRODUTO,MONTOITEM) values(362,'cam001',5,346)
insert into CT_ITEMPRESUPUESTO(IDPRESUPUESTO,CODPRODUCTO,CANTPRODUTO,MONTOITEM) values(364,'cam008',5,388)
insert into CT_ITEMPRESUPUESTO(IDPRESUPUESTO,CODPRODUCTO,CANTPRODUTO,MONTOITEM) values(366,'cam001',3,346)
insert into CT_ITEMPRESUPUESTO(IDPRESUPUESTO,CODPRODUCTO,CANTPRODUTO,MONTOITEM) values(368,'cam008',5,388)
insert into CT_ITEMPRESUPUESTO(IDPRESUPUESTO,CODPRODUCTO,CANTPRODUTO,MONTOITEM) values(370,'cam001',5,346)
insert into CT_ITEMPRESUPUESTO(IDPRESUPUESTO,CODPRODUCTO,CANTPRODUTO,MONTOITEM) values(372,'cam001',3,346)
insert into CT_ITEMPRESUPUESTO(IDPRESUPUESTO,CODPRODUCTO,CANTPRODUTO,MONTOITEM) values(374,'cam003',4,1095)
insert into CT_ITEMPRESUPUESTO(IDPRESUPUESTO,CODPRODUCTO,CANTPRODUTO,MONTOITEM) values(2,'cam001',3,346)
insert into CT_ITEMPRESUPUESTO(IDPRESUPUESTO,CODPRODUCTO,CANTPRODUTO,MONTOITEM) values(4,'cam001',3,346)
insert into CT_ITEMPRESUPUESTO(IDPRESUPUESTO,CODPRODUCTO,CANTPRODUTO,MONTOITEM) values(6,'cam001',3,346)
insert into CT_ITEMPRESUPUESTO(IDPRESUPUESTO,CODPRODUCTO,CANTPRODUTO,MONTOITEM) values(8,'cam003',3,1095)
insert into CT_ITEMPRESUPUESTO(IDPRESUPUESTO,CODPRODUCTO,CANTPRODUTO,MONTOITEM) values(10,'cam003',5,1095)
insert into CT_ITEMPRESUPUESTO(IDPRESUPUESTO,CODPRODUCTO,CANTPRODUTO,MONTOITEM) values(12,'cam001',4,346)
insert into CT_ITEMPRESUPUESTO(IDPRESUPUESTO,CODPRODUCTO,CANTPRODUTO,MONTOITEM) values(14,'cam008',5,388)
insert into CT_ITEMPRESUPUESTO(IDPRESUPUESTO,CODPRODUCTO,CANTPRODUTO,MONTOITEM) values(16,'cam008',5,388)
insert into CT_ITEMPRESUPUESTO(IDPRESUPUESTO,CODPRODUCTO,CANTPRODUTO,MONTOITEM) values(18,'cam003',4,1095)
insert into CT_ITEMPRESUPUESTO(IDPRESUPUESTO,CODPRODUCTO,CANTPRODUTO,MONTOITEM) values(20,'cam001',5,346)
insert into CT_ITEMPRESUPUESTO(IDPRESUPUESTO,CODPRODUCTO,CANTPRODUTO,MONTOITEM) values(22,'cam003',4,1095)
insert into CT_ITEMPRESUPUESTO(IDPRESUPUESTO,CODPRODUCTO,CANTPRODUTO,MONTOITEM) values(24,'cam003',3,1095)
insert into CT_ITEMPRESUPUESTO(IDPRESUPUESTO,CODPRODUCTO,CANTPRODUTO,MONTOITEM) values(26,'cam008',5,388)
insert into CT_ITEMPRESUPUESTO(IDPRESUPUESTO,CODPRODUCTO,CANTPRODUTO,MONTOITEM) values(28,'cam003',3,1095)
insert into CT_ITEMPRESUPUESTO(IDPRESUPUESTO,CODPRODUCTO,CANTPRODUTO,MONTOITEM) values(30,'cam001',4,346)
insert into CT_ITEMPRESUPUESTO(IDPRESUPUESTO,CODPRODUCTO,CANTPRODUTO,MONTOITEM) values(32,'cam008',5,388)
insert into CT_ITEMPRESUPUESTO(IDPRESUPUESTO,CODPRODUCTO,CANTPRODUTO,MONTOITEM) values(34,'cam008',5,388)
insert into CT_ITEMPRESUPUESTO(IDPRESUPUESTO,CODPRODUCTO,CANTPRODUTO,MONTOITEM) values(36,'cam003',3,1095)
insert into CT_ITEMPRESUPUESTO(IDPRESUPUESTO,CODPRODUCTO,CANTPRODUTO,MONTOITEM) values(38,'cam008',4,388)
insert into CT_ITEMPRESUPUESTO(IDPRESUPUESTO,CODPRODUCTO,CANTPRODUTO,MONTOITEM) values(40,'cam008',3,388)
insert into CT_ITEMPRESUPUESTO(IDPRESUPUESTO,CODPRODUCTO,CANTPRODUTO,MONTOITEM) values(42,'cam001',3,346)
insert into CT_ITEMPRESUPUESTO(IDPRESUPUESTO,CODPRODUCTO,CANTPRODUTO,MONTOITEM) values(44,'cam003',4,1095)
insert into CT_ITEMPRESUPUESTO(IDPRESUPUESTO,CODPRODUCTO,CANTPRODUTO,MONTOITEM) values(46,'cam001',3,346)
insert into CT_ITEMPRESUPUESTO(IDPRESUPUESTO,CODPRODUCTO,CANTPRODUTO,MONTOITEM) values(48,'cam003',3,1095)
insert into CT_ITEMPRESUPUESTO(IDPRESUPUESTO,CODPRODUCTO,CANTPRODUTO,MONTOITEM) values(50,'cam003',3,1095)
insert into CT_ITEMPRESUPUESTO(IDPRESUPUESTO,CODPRODUCTO,CANTPRODUTO,MONTOITEM) values(52,'cam008',5,388)
insert into CT_ITEMPRESUPUESTO(IDPRESUPUESTO,CODPRODUCTO,CANTPRODUTO,MONTOITEM) values(54,'cam003',5,1095)
insert into CT_ITEMPRESUPUESTO(IDPRESUPUESTO,CODPRODUCTO,CANTPRODUTO,MONTOITEM) values(56,'cam008',4,388)
insert into CT_ITEMPRESUPUESTO(IDPRESUPUESTO,CODPRODUCTO,CANTPRODUTO,MONTOITEM) values(58,'cam003',4,1095)
insert into CT_ITEMPRESUPUESTO(IDPRESUPUESTO,CODPRODUCTO,CANTPRODUTO,MONTOITEM) values(60,'cam003',5,1095)
insert into CT_ITEMPRESUPUESTO(IDPRESUPUESTO,CODPRODUCTO,CANTPRODUTO,MONTOITEM) values(62,'cam003',5,1095)
insert into CT_ITEMPRESUPUESTO(IDPRESUPUESTO,CODPRODUCTO,CANTPRODUTO,MONTOITEM) values(64,'cam008',5,388)
insert into CT_ITEMPRESUPUESTO(IDPRESUPUESTO,CODPRODUCTO,CANTPRODUTO,MONTOITEM) values(66,'cam001',3,346)
insert into CT_ITEMPRESUPUESTO(IDPRESUPUESTO,CODPRODUCTO,CANTPRODUTO,MONTOITEM) values(68,'cam001',4,346)
insert into CT_ITEMPRESUPUESTO(IDPRESUPUESTO,CODPRODUCTO,CANTPRODUTO,MONTOITEM) values(70,'cam008',5,388)
insert into CT_ITEMPRESUPUESTO(IDPRESUPUESTO,CODPRODUCTO,CANTPRODUTO,MONTOITEM) values(72,'cam001',4,346)
insert into CT_ITEMPRESUPUESTO(IDPRESUPUESTO,CODPRODUCTO,CANTPRODUTO,MONTOITEM) values(74,'cam003',5,1095)
insert into CT_ITEMPRESUPUESTO(IDPRESUPUESTO,CODPRODUCTO,CANTPRODUTO,MONTOITEM) values(76,'cam008',3,388)
insert into CT_ITEMPRESUPUESTO(IDPRESUPUESTO,CODPRODUCTO,CANTPRODUTO,MONTOITEM) values(78,'cam001',3,346)
insert into CT_ITEMPRESUPUESTO(IDPRESUPUESTO,CODPRODUCTO,CANTPRODUTO,MONTOITEM) values(80,'cam003',4,1095)
insert into CT_ITEMPRESUPUESTO(IDPRESUPUESTO,CODPRODUCTO,CANTPRODUTO,MONTOITEM) values(82,'cam003',4,1095)
insert into CT_ITEMPRESUPUESTO(IDPRESUPUESTO,CODPRODUCTO,CANTPRODUTO,MONTOITEM) values(84,'cam003',3,1095)
insert into CT_ITEMPRESUPUESTO(IDPRESUPUESTO,CODPRODUCTO,CANTPRODUTO,MONTOITEM) values(86,'cam003',4,1095)
insert into CT_ITEMPRESUPUESTO(IDPRESUPUESTO,CODPRODUCTO,CANTPRODUTO,MONTOITEM) values(88,'cam008',5,388)
insert into CT_ITEMPRESUPUESTO(IDPRESUPUESTO,CODPRODUCTO,CANTPRODUTO,MONTOITEM) values(90,'cam003',4,1095)
insert into CT_ITEMPRESUPUESTO(IDPRESUPUESTO,CODPRODUCTO,CANTPRODUTO,MONTOITEM) values(92,'cam008',3,388)
insert into CT_ITEMPRESUPUESTO(IDPRESUPUESTO,CODPRODUCTO,CANTPRODUTO,MONTOITEM) values(94,'cam003',5,1095)
insert into CT_ITEMPRESUPUESTO(IDPRESUPUESTO,CODPRODUCTO,CANTPRODUTO,MONTOITEM) values(96,'cam008',5,388)
insert into CT_ITEMPRESUPUESTO(IDPRESUPUESTO,CODPRODUCTO,CANTPRODUTO,MONTOITEM) values(98,'cam001',3,346)
insert into CT_ITEMPRESUPUESTO(IDPRESUPUESTO,CODPRODUCTO,CANTPRODUTO,MONTOITEM) values(100,'cam001',4,346)
insert into CT_ITEMPRESUPUESTO(IDPRESUPUESTO,CODPRODUCTO,CANTPRODUTO,MONTOITEM) values(102,'cam001',5,346)
insert into CT_ITEMPRESUPUESTO(IDPRESUPUESTO,CODPRODUCTO,CANTPRODUTO,MONTOITEM) values(104,'cam001',4,346)
insert into CT_ITEMPRESUPUESTO(IDPRESUPUESTO,CODPRODUCTO,CANTPRODUTO,MONTOITEM) values(106,'cam001',5,346)
insert into CT_ITEMPRESUPUESTO(IDPRESUPUESTO,CODPRODUCTO,CANTPRODUTO,MONTOITEM) values(108,'cam008',3,388)
insert into CT_ITEMPRESUPUESTO(IDPRESUPUESTO,CODPRODUCTO,CANTPRODUTO,MONTOITEM) values(110,'cam001',3,346)
insert into CT_ITEMPRESUPUESTO(IDPRESUPUESTO,CODPRODUCTO,CANTPRODUTO,MONTOITEM) values(112,'cam001',4,346)
insert into CT_ITEMPRESUPUESTO(IDPRESUPUESTO,CODPRODUCTO,CANTPRODUTO,MONTOITEM) values(114,'cam003',4,1095)
insert into CT_ITEMPRESUPUESTO(IDPRESUPUESTO,CODPRODUCTO,CANTPRODUTO,MONTOITEM) values(116,'cam001',3,346)
insert into CT_ITEMPRESUPUESTO(IDPRESUPUESTO,CODPRODUCTO,CANTPRODUTO,MONTOITEM) values(118,'cam008',4,388)
insert into CT_ITEMPRESUPUESTO(IDPRESUPUESTO,CODPRODUCTO,CANTPRODUTO,MONTOITEM) values(120,'cam001',5,346)
insert into CT_ITEMPRESUPUESTO(IDPRESUPUESTO,CODPRODUCTO,CANTPRODUTO,MONTOITEM) values(122,'cam003',5,1095)
insert into CT_ITEMPRESUPUESTO(IDPRESUPUESTO,CODPRODUCTO,CANTPRODUTO,MONTOITEM) values(124,'cam008',5,388)
insert into CT_ITEMPRESUPUESTO(IDPRESUPUESTO,CODPRODUCTO,CANTPRODUTO,MONTOITEM) values(126,'cam008',3,388)
insert into CT_ITEMPRESUPUESTO(IDPRESUPUESTO,CODPRODUCTO,CANTPRODUTO,MONTOITEM) values(128,'cam003',3,1095)
insert into CT_ITEMPRESUPUESTO(IDPRESUPUESTO,CODPRODUCTO,CANTPRODUTO,MONTOITEM) values(130,'cam001',5,346)
insert into CT_ITEMPRESUPUESTO(IDPRESUPUESTO,CODPRODUCTO,CANTPRODUTO,MONTOITEM) values(132,'cam001',3,346)
insert into CT_ITEMPRESUPUESTO(IDPRESUPUESTO,CODPRODUCTO,CANTPRODUTO,MONTOITEM) values(134,'cam008',4,388)
insert into CT_ITEMPRESUPUESTO(IDPRESUPUESTO,CODPRODUCTO,CANTPRODUTO,MONTOITEM) values(136,'cam008',5,388)
insert into CT_ITEMPRESUPUESTO(IDPRESUPUESTO,CODPRODUCTO,CANTPRODUTO,MONTOITEM) values(138,'cam001',5,346)
insert into CT_ITEMPRESUPUESTO(IDPRESUPUESTO,CODPRODUCTO,CANTPRODUTO,MONTOITEM) values(140,'cam001',3,346)
insert into CT_ITEMPRESUPUESTO(IDPRESUPUESTO,CODPRODUCTO,CANTPRODUTO,MONTOITEM) values(142,'cam003',4,1095)
insert into CT_ITEMPRESUPUESTO(IDPRESUPUESTO,CODPRODUCTO,CANTPRODUTO,MONTOITEM) values(144,'cam001',5,346)
insert into CT_ITEMPRESUPUESTO(IDPRESUPUESTO,CODPRODUCTO,CANTPRODUTO,MONTOITEM) values(146,'cam008',4,388)
insert into CT_ITEMPRESUPUESTO(IDPRESUPUESTO,CODPRODUCTO,CANTPRODUTO,MONTOITEM) values(148,'cam001',3,346)
insert into CT_ITEMPRESUPUESTO(IDPRESUPUESTO,CODPRODUCTO,CANTPRODUTO,MONTOITEM) values(150,'cam003',3,1095)
insert into CT_ITEMPRESUPUESTO(IDPRESUPUESTO,CODPRODUCTO,CANTPRODUTO,MONTOITEM) values(152,'cam001',5,346)
insert into CT_ITEMPRESUPUESTO(IDPRESUPUESTO,CODPRODUCTO,CANTPRODUTO,MONTOITEM) values(154,'cam003',3,1095)
insert into CT_ITEMPRESUPUESTO(IDPRESUPUESTO,CODPRODUCTO,CANTPRODUTO,MONTOITEM) values(156,'cam003',3,1095)
insert into CT_ITEMPRESUPUESTO(IDPRESUPUESTO,CODPRODUCTO,CANTPRODUTO,MONTOITEM) values(158,'cam008',5,388)
insert into CT_ITEMPRESUPUESTO(IDPRESUPUESTO,CODPRODUCTO,CANTPRODUTO,MONTOITEM) values(160,'cam003',5,1095)
insert into CT_ITEMPRESUPUESTO(IDPRESUPUESTO,CODPRODUCTO,CANTPRODUTO,MONTOITEM) values(162,'cam008',4,388)
insert into CT_ITEMPRESUPUESTO(IDPRESUPUESTO,CODPRODUCTO,CANTPRODUTO,MONTOITEM) values(164,'cam008',4,388)
insert into CT_ITEMPRESUPUESTO(IDPRESUPUESTO,CODPRODUCTO,CANTPRODUTO,MONTOITEM) values(166,'cam003',5,1095)
insert into CT_ITEMPRESUPUESTO(IDPRESUPUESTO,CODPRODUCTO,CANTPRODUTO,MONTOITEM) values(168,'cam001',5,346)
insert into CT_ITEMPRESUPUESTO(IDPRESUPUESTO,CODPRODUCTO,CANTPRODUTO,MONTOITEM) values(170,'cam001',5,346)
insert into CT_ITEMPRESUPUESTO(IDPRESUPUESTO,CODPRODUCTO,CANTPRODUTO,MONTOITEM) values(172,'cam003',4,1095)
insert into CT_ITEMPRESUPUESTO(IDPRESUPUESTO,CODPRODUCTO,CANTPRODUTO,MONTOITEM) values(174,'cam008',4,388)
insert into CT_ITEMPRESUPUESTO(IDPRESUPUESTO,CODPRODUCTO,CANTPRODUTO,MONTOITEM) values(176,'cam003',3,1095)
insert into CT_ITEMPRESUPUESTO(IDPRESUPUESTO,CODPRODUCTO,CANTPRODUTO,MONTOITEM) values(178,'cam008',3,388)
insert into CT_ITEMPRESUPUESTO(IDPRESUPUESTO,CODPRODUCTO,CANTPRODUTO,MONTOITEM) values(180,'cam003',5,1095)
insert into CT_ITEMPRESUPUESTO(IDPRESUPUESTO,CODPRODUCTO,CANTPRODUTO,MONTOITEM) values(182,'cam008',5,388)
insert into CT_ITEMPRESUPUESTO(IDPRESUPUESTO,CODPRODUCTO,CANTPRODUTO,MONTOITEM) values(184,'cam003',5,1095)
insert into CT_ITEMPRESUPUESTO(IDPRESUPUESTO,CODPRODUCTO,CANTPRODUTO,MONTOITEM) values(186,'cam003',5,1095)
insert into CT_ITEMPRESUPUESTO(IDPRESUPUESTO,CODPRODUCTO,CANTPRODUTO,MONTOITEM) values(188,'cam008',3,388)
insert into CT_ITEMPRESUPUESTO(IDPRESUPUESTO,CODPRODUCTO,CANTPRODUTO,MONTOITEM) values(190,'cam001',5,346)
insert into CT_ITEMPRESUPUESTO(IDPRESUPUESTO,CODPRODUCTO,CANTPRODUTO,MONTOITEM) values(192,'cam003',3,1095)
insert into CT_ITEMPRESUPUESTO(IDPRESUPUESTO,CODPRODUCTO,CANTPRODUTO,MONTOITEM) values(194,'cam001',3,346)
insert into CT_ITEMPRESUPUESTO(IDPRESUPUESTO,CODPRODUCTO,CANTPRODUTO,MONTOITEM) values(196,'cam008',5,388)
insert into CT_ITEMPRESUPUESTO(IDPRESUPUESTO,CODPRODUCTO,CANTPRODUTO,MONTOITEM) values(198,'cam008',5,388)
insert into CT_ITEMPRESUPUESTO(IDPRESUPUESTO,CODPRODUCTO,CANTPRODUTO,MONTOITEM) values(200,'cam008',5,388)
insert into CT_ITEMPRESUPUESTO(IDPRESUPUESTO,CODPRODUCTO,CANTPRODUTO,MONTOITEM) values(202,'cam001',5,346)
insert into CT_ITEMPRESUPUESTO(IDPRESUPUESTO,CODPRODUCTO,CANTPRODUTO,MONTOITEM) values(204,'cam008',3,388)
insert into CT_ITEMPRESUPUESTO(IDPRESUPUESTO,CODPRODUCTO,CANTPRODUTO,MONTOITEM) values(206,'cam001',5,346)
insert into CT_ITEMPRESUPUESTO(IDPRESUPUESTO,CODPRODUCTO,CANTPRODUTO,MONTOITEM) values(208,'cam008',3,388)
insert into CT_ITEMPRESUPUESTO(IDPRESUPUESTO,CODPRODUCTO,CANTPRODUTO,MONTOITEM) values(210,'cam001',5,346)
insert into CT_ITEMPRESUPUESTO(IDPRESUPUESTO,CODPRODUCTO,CANTPRODUTO,MONTOITEM) values(212,'cam008',5,388)
insert into CT_ITEMPRESUPUESTO(IDPRESUPUESTO,CODPRODUCTO,CANTPRODUTO,MONTOITEM) values(214,'cam008',5,388)
insert into CT_ITEMPRESUPUESTO(IDPRESUPUESTO,CODPRODUCTO,CANTPRODUTO,MONTOITEM) values(216,'cam008',4,388)
insert into CT_ITEMPRESUPUESTO(IDPRESUPUESTO,CODPRODUCTO,CANTPRODUTO,MONTOITEM) values(218,'cam003',5,1095)
insert into CT_ITEMPRESUPUESTO(IDPRESUPUESTO,CODPRODUCTO,CANTPRODUTO,MONTOITEM) values(220,'cam008',4,388)
insert into CT_ITEMPRESUPUESTO(IDPRESUPUESTO,CODPRODUCTO,CANTPRODUTO,MONTOITEM) values(222,'cam001',3,346)
insert into CT_ITEMPRESUPUESTO(IDPRESUPUESTO,CODPRODUCTO,CANTPRODUTO,MONTOITEM) values(224,'cam001',3,346)
insert into CT_ITEMPRESUPUESTO(IDPRESUPUESTO,CODPRODUCTO,CANTPRODUTO,MONTOITEM) values(226,'cam001',3,346)
insert into CT_ITEMPRESUPUESTO(IDPRESUPUESTO,CODPRODUCTO,CANTPRODUTO,MONTOITEM) values(228,'cam003',4,1095)
insert into CT_ITEMPRESUPUESTO(IDPRESUPUESTO,CODPRODUCTO,CANTPRODUTO,MONTOITEM) values(230,'cam001',4,346)
insert into CT_ITEMPRESUPUESTO(IDPRESUPUESTO,CODPRODUCTO,CANTPRODUTO,MONTOITEM) values(232,'cam001',4,346)
insert into CT_ITEMPRESUPUESTO(IDPRESUPUESTO,CODPRODUCTO,CANTPRODUTO,MONTOITEM) values(234,'cam001',4,346)
insert into CT_ITEMPRESUPUESTO(IDPRESUPUESTO,CODPRODUCTO,CANTPRODUTO,MONTOITEM) values(236,'cam003',5,1095)
insert into CT_ITEMPRESUPUESTO(IDPRESUPUESTO,CODPRODUCTO,CANTPRODUTO,MONTOITEM) values(238,'cam003',5,1095)
insert into CT_ITEMPRESUPUESTO(IDPRESUPUESTO,CODPRODUCTO,CANTPRODUTO,MONTOITEM) values(240,'cam008',5,388)
insert into CT_ITEMPRESUPUESTO(IDPRESUPUESTO,CODPRODUCTO,CANTPRODUTO,MONTOITEM) values(242,'cam003',3,1095)
insert into CT_ITEMPRESUPUESTO(IDPRESUPUESTO,CODPRODUCTO,CANTPRODUTO,MONTOITEM) values(244,'cam001',5,346)
insert into CT_ITEMPRESUPUESTO(IDPRESUPUESTO,CODPRODUCTO,CANTPRODUTO,MONTOITEM) values(246,'cam008',5,388)
insert into CT_ITEMPRESUPUESTO(IDPRESUPUESTO,CODPRODUCTO,CANTPRODUTO,MONTOITEM) values(248,'cam008',5,388)
insert into CT_ITEMPRESUPUESTO(IDPRESUPUESTO,CODPRODUCTO,CANTPRODUTO,MONTOITEM) values(250,'cam008',4,388)
insert into CT_ITEMPRESUPUESTO(IDPRESUPUESTO,CODPRODUCTO,CANTPRODUTO,MONTOITEM) values(252,'cam008',4,388)
insert into CT_ITEMPRESUPUESTO(IDPRESUPUESTO,CODPRODUCTO,CANTPRODUTO,MONTOITEM) values(254,'cam008',3,388)
insert into CT_ITEMPRESUPUESTO(IDPRESUPUESTO,CODPRODUCTO,CANTPRODUTO,MONTOITEM) values(256,'cam001',4,346)
insert into CT_ITEMPRESUPUESTO(IDPRESUPUESTO,CODPRODUCTO,CANTPRODUTO,MONTOITEM) values(258,'cam003',3,1095)
insert into CT_ITEMPRESUPUESTO(IDPRESUPUESTO,CODPRODUCTO,CANTPRODUTO,MONTOITEM) values(260,'cam003',3,1095)
insert into CT_ITEMPRESUPUESTO(IDPRESUPUESTO,CODPRODUCTO,CANTPRODUTO,MONTOITEM) values(262,'cam003',4,1095)
insert into CT_ITEMPRESUPUESTO(IDPRESUPUESTO,CODPRODUCTO,CANTPRODUTO,MONTOITEM) values(264,'cam003',5,1095)
insert into CT_ITEMPRESUPUESTO(IDPRESUPUESTO,CODPRODUCTO,CANTPRODUTO,MONTOITEM) values(266,'cam001',5,346)
insert into CT_ITEMPRESUPUESTO(IDPRESUPUESTO,CODPRODUCTO,CANTPRODUTO,MONTOITEM) values(268,'cam001',5,346)
insert into CT_ITEMPRESUPUESTO(IDPRESUPUESTO,CODPRODUCTO,CANTPRODUTO,MONTOITEM) values(270,'cam001',4,346)
insert into CT_ITEMPRESUPUESTO(IDPRESUPUESTO,CODPRODUCTO,CANTPRODUTO,MONTOITEM) values(272,'cam001',5,346)
insert into CT_ITEMPRESUPUESTO(IDPRESUPUESTO,CODPRODUCTO,CANTPRODUTO,MONTOITEM) values(274,'cam001',3,346)
insert into CT_ITEMPRESUPUESTO(IDPRESUPUESTO,CODPRODUCTO,CANTPRODUTO,MONTOITEM) values(276,'cam001',5,346)
insert into CT_ITEMPRESUPUESTO(IDPRESUPUESTO,CODPRODUCTO,CANTPRODUTO,MONTOITEM) values(278,'cam003',4,1095)
insert into CT_ITEMPRESUPUESTO(IDPRESUPUESTO,CODPRODUCTO,CANTPRODUTO,MONTOITEM) values(280,'cam003',5,1095)
insert into CT_ITEMPRESUPUESTO(IDPRESUPUESTO,CODPRODUCTO,CANTPRODUTO,MONTOITEM) values(282,'cam008',3,388)
insert into CT_ITEMPRESUPUESTO(IDPRESUPUESTO,CODPRODUCTO,CANTPRODUTO,MONTOITEM) values(284,'cam008',3,388)
insert into CT_ITEMPRESUPUESTO(IDPRESUPUESTO,CODPRODUCTO,CANTPRODUTO,MONTOITEM) values(286,'cam003',5,1095)
insert into CT_ITEMPRESUPUESTO(IDPRESUPUESTO,CODPRODUCTO,CANTPRODUTO,MONTOITEM) values(288,'cam003',5,1095)
insert into CT_ITEMPRESUPUESTO(IDPRESUPUESTO,CODPRODUCTO,CANTPRODUTO,MONTOITEM) values(290,'cam001',3,346)
insert into CT_ITEMPRESUPUESTO(IDPRESUPUESTO,CODPRODUCTO,CANTPRODUTO,MONTOITEM) values(292,'cam001',5,346)
insert into CT_ITEMPRESUPUESTO(IDPRESUPUESTO,CODPRODUCTO,CANTPRODUTO,MONTOITEM) values(294,'cam008',4,388)
insert into CT_ITEMPRESUPUESTO(IDPRESUPUESTO,CODPRODUCTO,CANTPRODUTO,MONTOITEM) values(296,'cam008',3,388)
insert into CT_ITEMPRESUPUESTO(IDPRESUPUESTO,CODPRODUCTO,CANTPRODUTO,MONTOITEM) values(298,'cam008',5,388)
insert into CT_ITEMPRESUPUESTO(IDPRESUPUESTO,CODPRODUCTO,CANTPRODUTO,MONTOITEM) values(300,'cam001',5,346)
insert into CT_ITEMPRESUPUESTO(IDPRESUPUESTO,CODPRODUCTO,CANTPRODUTO,MONTOITEM) values(302,'cam003',3,1095)
insert into CT_ITEMPRESUPUESTO(IDPRESUPUESTO,CODPRODUCTO,CANTPRODUTO,MONTOITEM) values(304,'cam001',3,346)
insert into CT_ITEMPRESUPUESTO(IDPRESUPUESTO,CODPRODUCTO,CANTPRODUTO,MONTOITEM) values(306,'cam008',5,388)
insert into CT_ITEMPRESUPUESTO(IDPRESUPUESTO,CODPRODUCTO,CANTPRODUTO,MONTOITEM) values(308,'cam003',5,1095)
insert into CT_ITEMPRESUPUESTO(IDPRESUPUESTO,CODPRODUCTO,CANTPRODUTO,MONTOITEM) values(310,'cam001',5,346)
insert into CT_ITEMPRESUPUESTO(IDPRESUPUESTO,CODPRODUCTO,CANTPRODUTO,MONTOITEM) values(312,'cam003',3,1095)
insert into CT_ITEMPRESUPUESTO(IDPRESUPUESTO,CODPRODUCTO,CANTPRODUTO,MONTOITEM) values(314,'cam008',4,388)
insert into CT_ITEMPRESUPUESTO(IDPRESUPUESTO,CODPRODUCTO,CANTPRODUTO,MONTOITEM) values(316,'cam003',5,1095)
insert into CT_ITEMPRESUPUESTO(IDPRESUPUESTO,CODPRODUCTO,CANTPRODUTO,MONTOITEM) values(318,'cam008',5,388)
insert into CT_ITEMPRESUPUESTO(IDPRESUPUESTO,CODPRODUCTO,CANTPRODUTO,MONTOITEM) values(320,'cam001',3,346)
insert into CT_ITEMPRESUPUESTO(IDPRESUPUESTO,CODPRODUCTO,CANTPRODUTO,MONTOITEM) values(322,'cam001',3,346)
insert into CT_ITEMPRESUPUESTO(IDPRESUPUESTO,CODPRODUCTO,CANTPRODUTO,MONTOITEM) values(324,'cam008',3,388)
insert into CT_ITEMPRESUPUESTO(IDPRESUPUESTO,CODPRODUCTO,CANTPRODUTO,MONTOITEM) values(326,'cam008',4,388)
insert into CT_ITEMPRESUPUESTO(IDPRESUPUESTO,CODPRODUCTO,CANTPRODUTO,MONTOITEM) values(328,'cam001',5,346)
insert into CT_ITEMPRESUPUESTO(IDPRESUPUESTO,CODPRODUCTO,CANTPRODUTO,MONTOITEM) values(330,'cam003',4,1095)
insert into CT_ITEMPRESUPUESTO(IDPRESUPUESTO,CODPRODUCTO,CANTPRODUTO,MONTOITEM) values(332,'cam001',4,346)
insert into CT_ITEMPRESUPUESTO(IDPRESUPUESTO,CODPRODUCTO,CANTPRODUTO,MONTOITEM) values(334,'cam001',4,346)
insert into CT_ITEMPRESUPUESTO(IDPRESUPUESTO,CODPRODUCTO,CANTPRODUTO,MONTOITEM) values(336,'cam008',5,388)
insert into CT_ITEMPRESUPUESTO(IDPRESUPUESTO,CODPRODUCTO,CANTPRODUTO,MONTOITEM) values(338,'cam008',3,388)
insert into CT_ITEMPRESUPUESTO(IDPRESUPUESTO,CODPRODUCTO,CANTPRODUTO,MONTOITEM) values(340,'cam003',4,1095)
insert into CT_ITEMPRESUPUESTO(IDPRESUPUESTO,CODPRODUCTO,CANTPRODUTO,MONTOITEM) values(342,'cam008',5,388)
insert into CT_ITEMPRESUPUESTO(IDPRESUPUESTO,CODPRODUCTO,CANTPRODUTO,MONTOITEM) values(344,'cam001',4,346)
insert into CT_ITEMPRESUPUESTO(IDPRESUPUESTO,CODPRODUCTO,CANTPRODUTO,MONTOITEM) values(346,'cam008',5,388)
insert into CT_ITEMPRESUPUESTO(IDPRESUPUESTO,CODPRODUCTO,CANTPRODUTO,MONTOITEM) values(348,'cam001',3,346)
insert into CT_ITEMPRESUPUESTO(IDPRESUPUESTO,CODPRODUCTO,CANTPRODUTO,MONTOITEM) values(350,'cam001',3,346)
insert into CT_ITEMPRESUPUESTO(IDPRESUPUESTO,CODPRODUCTO,CANTPRODUTO,MONTOITEM) values(352,'cam008',4,388)
insert into CT_ITEMPRESUPUESTO(IDPRESUPUESTO,CODPRODUCTO,CANTPRODUTO,MONTOITEM) values(354,'cam001',5,346)
insert into CT_ITEMPRESUPUESTO(IDPRESUPUESTO,CODPRODUCTO,CANTPRODUTO,MONTOITEM) values(356,'cam008',5,388)
insert into CT_ITEMPRESUPUESTO(IDPRESUPUESTO,CODPRODUCTO,CANTPRODUTO,MONTOITEM) values(358,'cam003',4,1095)
insert into CT_ITEMPRESUPUESTO(IDPRESUPUESTO,CODPRODUCTO,CANTPRODUTO,MONTOITEM) values(360,'cam008',3,388)
insert into CT_ITEMPRESUPUESTO(IDPRESUPUESTO,CODPRODUCTO,CANTPRODUTO,MONTOITEM) values(362,'cam001',5,346)
insert into CT_ITEMPRESUPUESTO(IDPRESUPUESTO,CODPRODUCTO,CANTPRODUTO,MONTOITEM) values(364,'cam001',3,346)
insert into CT_ITEMPRESUPUESTO(IDPRESUPUESTO,CODPRODUCTO,CANTPRODUTO,MONTOITEM) values(366,'cam001',4,346)
insert into CT_ITEMPRESUPUESTO(IDPRESUPUESTO,CODPRODUCTO,CANTPRODUTO,MONTOITEM) values(368,'cam001',4,346)
insert into CT_ITEMPRESUPUESTO(IDPRESUPUESTO,CODPRODUCTO,CANTPRODUTO,MONTOITEM) values(370,'cam003',5,1095)
insert into CT_ITEMPRESUPUESTO(IDPRESUPUESTO,CODPRODUCTO,CANTPRODUTO,MONTOITEM) values(372,'cam001',5,346)
insert into CT_ITEMPRESUPUESTO(IDPRESUPUESTO,CODPRODUCTO,CANTPRODUTO,MONTOITEM) values(374,'cam003',5,1095)


